type,SampID,Experiment,Timepoint,runDate,N.lab,C.lab,Precursor Ion Name,Protein Name,iso.mz,MID.mean,MID.sd,Area.filled.w.background.mean,Area.filled.w.background.sd
Smp,GBTFate1T0,Fate1,0,200908,0,0,Alanine_13C-0 15N-0,Alanine,260.103517,0.8550381926746687,0.01060056341154629,83612098,99194591.49641481
Smp,GBTFate1T0,Fate1,0,200908,0,0,Arginine_13C-0 15N-0,Arginine,345.167514,0.9710769754732229,0.04090333355061782,4439439,3510051.191752337
Smp,GBTFate1T0,Fate1,0,200908,0,0,Aspartic Acid_13C-0 15N-0,Aspartic Acid,304.093347,0.8347559748381089,0.006932637776277845,11744976.333333334,11119532.560227355
Smp,GBTFate1T0,Fate1,0,200908,0,0,Glutamic Acid_13C-0 15N-0,Glutamic Acid,318.108997,0.8139916782846229,0.018270077415552335,15766908.666666666,14527029.48699886
Smp,GBTFate1T0,Fate1,0,200908,0,0,Glycine_13C-0 15N-0,Glycine,246.087867,0.8698117847456951,NA,170319052,NA
Smp,GBTFate1T0,Fate1,0,200908,0,0,Isoleucine_13C-0 15N-0,Isoleucine,302.150467,0.8749166852777275,0.09735937175813311,52786887,61436911.06936666
Smp,GBTFate1T0,Fate1,0,200908,0,0,Leucine_13C-0 15N-0,Leucine,302.150467,0.8131487587679451,0.0027465479518157753,137869048,143320837.38462105
Smp,GBTFate1T0,Fate1,0,200908,0,0,Lysine_13C-0 15N-0,Lysine,244.1083,0.9887946561919314,0.018031317601870753,52194438,61313749.38648463
Smp,GBTFate1T0,Fate1,0,200908,0,0,Phenylalaine_13C-0 15N-0,Phenylalaine,336.134817,0.7603794666826578,0.001658289955912155,87976142,82772898.74350522
Smp,GBTFate1T0,Fate1,0,200908,0,0,Proline_13C-0 15N-0,Proline,286.119167,0.82907737105938,0.0013127832573730255,45206614,45473837.693994574
Smp,GBTFate1T0,Fate1,0,200908,0,0,Serine_13C-0 15N-0,Serine,276.098432,0.88797745133064,0.07282964858063459,24950900,16981271.17357143
Smp,GBTFate1T0,Fate1,0,200908,0,0,Threonine_13C-0 15N-0,Threonine,290.114082,0.8344318386051526,4.5448243313491295e-4,48593729,47248305.19081947
Smp,GBTFate1T0,Fate1,0,200908,0,0,Tyrosine_13C-0 15N-0,Tyrosine,352.129732,0.7510632247723237,6.604822256282714e-4,19711883.333333332,26327143.5731172
Smp,GBTFate1T0,Fate1,0,200908,0,0,Valine_13C-0 15N-0,Valine,288.134817,0.8164955596967137,0.0010618039337606069,68339604.66666667,77007292.69535163
Smp,GBTFate1T0,Fate1,0,200908,0,1,Alanine_13C-1 15N-0,Alanine,261.106871,0.11719707814405118,0.005494230652787664,11720014,14120772.607450308
Smp,GBTFate1T0,Fate1,0,200908,0,1,Arginine_13C-1 15N-0,Arginine,NA,0.01544196127098806,0.02183823105907139,113442.5,160431.92204950983
Smp,GBTFate1T0,Fate1,0,200908,0,1,Aspartic Acid_13C-1 15N-0,Aspartic Acid,305.096701,0.12433889915013807,0.009256326520303986,1675893.3333333333,1504414.152009457
Smp,GBTFate1T0,Fate1,0,200908,0,1,Glutamic Acid_13C-1 15N-0,Glutamic Acid,319.112351,0.13446561219404798,0.010903074480888945,2590035.6666666665,2438117.9260303085
Smp,GBTFate1T0,Fate1,0,200908,0,1,Glycine_13C-1 15N-0,Glycine,247.091221,0.1001018597554799,NA,19601084,NA
Smp,GBTFate1T0,Fate1,0,200908,0,1,Isoleucine_13C-1 15N-0,Isoleucine,303.153821,0.08756380664215233,0.07611581793308435,8052459.666666667,11350022.247933805
Smp,GBTFate1T0,Fate1,0,200908,0,1,Leucine_13C-1 15N-0,Leucine,303.153821,0.13777644818326115,0.003417612180506245,23098922,23782235.508732144
Smp,GBTFate1T0,Fate1,0,200908,0,1,Lysine_13C-1 15N-0,Lysine,245.11165400000002,0.01075672773407622,0.017255102081938388,1307449.3333333333,2241430.3173476825
Smp,GBTFate1T0,Fate1,0,200908,0,1,Phenylalaine_13C-1 15N-0,Phenylalaine,337.138171,0.15373864351338717,0.002024124175319989,17695474.5,16539982.094888873
Smp,GBTFate1T0,Fate1,0,200908,0,1,Proline_13C-1 15N-0,Proline,287.122521,0.13190973056259533,0.0026434667874233077,7270911,7390732.402863602
Smp,GBTFate1T0,Fate1,0,200908,0,1,Serine_13C-1 15N-0,Serine,277.101786,0.10390080641321692,0.061343770531898364,3670533,4011671.3281125114
Smp,GBTFate1T0,Fate1,0,200908,0,1,Threonine_13C-1 15N-0,Threonine,291.117436,0.12342609410228018,4.374250334147531e-4,7173526.5,6959414.9440093385
Smp,GBTFate1T0,Fate1,0,200908,0,1,Tyrosine_13C-1 15N-0,Tyrosine,353.133086,0.15540261570516303,0.01114025069548803,3873654.6666666665,5088809.298376619
Smp,GBTFate1T0,Fate1,0,200908,0,1,Valine_13C-1 15N-0,Valine,289.138171,0.13305286749682127,0.0031043751480719067,10989078,12229864.381802073
Smp,GBTFate1T0,Fate1,0,200908,0,2,Alanine_13C-2 15N-0,Alanine,262.110225,0.007857631297700366,0.0030739258161488255,923679.6666666666,1231947.2094916783
Smp,GBTFate1T0,Fate1,0,200908,0,2,Aspartic Acid_13C-2 15N-0,Aspartic Acid,306.100055,0.003971593168007271,0.004977147309537456,99687,155336.27750464474
Smp,GBTFate1T0,Fate1,0,200908,0,2,Glutamic Acid_13C-2 15N-0,Glutamic Acid,320.115705,0.0057545494915682265,0.007000583773940739,188868.33333333334,308223.2985910269
Smp,GBTFate1T0,Fate1,0,200908,0,2,Glycine_13C-2 15N-0,Glycine,248.094575,0.007997052796526077,NA,1565914,NA
Smp,GBTFate1T0,Fate1,0,200908,0,2,Isoleucine_13C-2 15N-0,Isoleucine,304.157175,0.013389502935171372,7.15514451058974e-4,891778,1106456.1442357306
Smp,GBTFate1T0,Fate1,0,200908,0,2,Leucine_13C-2 15N-0,Leucine,304.157175,0.012973005841480097,8.656031117936487e-4,2279973.5,2441009.683295111
Smp,GBTFate1T0,Fate1,0,200908,0,2,Phenylalaine_13C-2 15N-0,Phenylalaine,338.141525,0.016647824554817794,0.0010098122720823988,1983229.5,1933398.9382847245
Smp,GBTFate1T0,Fate1,0,200908,0,2,Proline_13C-2 15N-0,Proline,288.125875,0.013580757318264493,6.001306927849774e-4,724616.5,713311.6431914595
Smp,GBTFate1T0,Fate1,0,200908,0,2,Serine_13C-2 15N-0,Serine,NA,0.003139902592778275,0.0044404928312374815,138731.5,196195.96882836302
Smp,GBTFate1T0,Fate1,0,200908,0,2,Threonine_13C-2 15N-0,Threonine,NA,0.011642311962603711,0.0010279209940087287,648733,599011.36754656
Smp,GBTFate1T0,Fate1,0,200908,0,2,Tyrosine_13C-2 15N-0,Tyrosine,354.13644,0.01410636532977679,0.004167694507036482,448151.3333333333,631084.9253732285
Smp,GBTFate1T0,Fate1,0,200908,0,2,Valine_13C-2 15N-0,Valine,290.141525,0.012989507103114022,0.0023016914750571796,1129352.6666666667,1314086.242421453
Smp,GBTFate1T0,Fate1,0,200908,0,3,Isoleucine_13C-3 15N-0,Isoleucine,305.160529,7.324151932948823e-4,8.023696969355115e-4,44139,46459.002582922505
Smp,GBTFate1T0,Fate1,0,200908,0,3,Leucine_13C-3 15N-0,Leucine,305.160529,6.934213006139318e-4,6.740524383444657e-4,177372,237102.803226786
Smp,GBTFate1T0,Fate1,0,200908,0,3,Phenylalaine_13C-3 15N-0,Phenylalaine,339.144879,0.0012696935785002045,1.7351289735831083e-4,156521,158632.33529139007
Smp,GBTFate1T0,Fate1,0,200908,0,3,Tyrosine_13C-3 15N-0,Tyrosine,NA,3.4549907465628764e-4,5.984219512727228e-4,22978.666666666668,39800.21815685604
Smp,GBTFate1T0,Fate1,0,200908,0,3,Valine_13C-3 15N-0,Valine,291.144879,7.07694795421448e-4,6.314399707775157e-4,86480.66666666667,128435.1880301241
Smp,GBTFate1T0,Fate1,0,200908,1,0,Alanine_13C-0 15N-1,Alanine,261.100553,0.018636493069867796,0.0016978683061474678,1936952.6666666667,2399811.0980454967
Smp,GBTFate1T0,Fate1,0,200908,1,0,Arginine_13C-0 15N-1,Arginine,NA,0.013481063255789008,0.019065102491546408,99037,140059.46857674423
Smp,GBTFate1T0,Fate1,0,200908,1,0,Aspartic Acid_13C-0 15N-1,Aspartic Acid,305.090383,0.030847102111481787,0.0014799681392207783,438859,428096.5694373175
Smp,GBTFate1T0,Fate1,0,200908,1,0,Glutamic Acid_13C-0 15N-1,Glutamic Acid,319.10603299999997,0.04336540883673826,0.0020011787573123974,856711,827479.0851018532
Smp,GBTFate1T0,Fate1,0,200908,1,0,Glycine_13C-0 15N-1,Glycine,247.084903,0.012700849721267742,NA,2486971,NA
Smp,GBTFate1T0,Fate1,0,200908,1,0,Isoleucine_13C-0 15N-1,Isoleucine,303.147503,0.02066938170379858,0.01798377063944581,1908546,2696106.414322513
Smp,GBTFate1T0,Fate1,0,200908,1,0,Leucine_13C-0 15N-1,Leucine,303.147503,0.03374929540892034,0.00227822458329127,5933685,6354767.228309941
Smp,GBTFate1T0,Fate1,0,200908,1,0,Lysine_13C-0 15N-1,Lysine,245.10533600000002,4.486160739923982e-4,7.770258332469125e-4,57001,98728.62808223357
Smp,GBTFate1T0,Fate1,0,200908,1,0,Phenylalaine_13C-0 15N-1,Phenylalaine,337.131853,0.061672400249783245,0.0016741533810375386,7234187,6922971.3676137645
Smp,GBTFate1T0,Fate1,0,200908,1,0,Proline_13C-0 15N-1,Proline,287.116203,0.02144164145981417,5.295035165777549e-4,1184612.5,1206794.3947137392
Smp,GBTFate1T0,Fate1,0,200908,1,0,Serine_13C-0 15N-1,Serine,277.095468,0.004981839663364799,0.007045385217498713,220114.5,311288.91117497266
Smp,GBTFate1T0,Fate1,0,200908,1,0,Threonine_13C-0 15N-1,Threonine,291.111118,0.025885211041795093,0.0014417096388143278,1547839,1548822.6518804533
Smp,GBTFate1T0,Fate1,0,200908,1,0,Tyrosine_13C-0 15N-1,Tyrosine,353.12676799999997,0.07020710741745746,0.0038734350606411195,1892703.3333333333,2538633.539824985
Smp,GBTFate1T0,Fate1,0,200908,1,0,Valine_13C-0 15N-1,Valine,289.131853,0.03296688110175846,0.0017672856772134008,2856373.3333333335,3324686.7927554217
Smp,GBTFate1T0,Fate1,0,200908,1,1,Alanine_13C-1 15N-1,Alanine,262.103907,0.0012706048137118874,5.067014566575592e-4,158290.66666666666,218495.76058206102
Smp,GBTFate1T0,Fate1,0,200908,1,1,Aspartic Acid_13C-1 15N-1,Aspartic Acid,306.093737,0.0023045321671027207,0.0028581013113911785,57559.333333333336,89344.48475610194
Smp,GBTFate1T0,Fate1,0,200908,1,1,Glutamic Acid_13C-1 15N-1,Glutamic Acid,NA,0.0024227511930226017,0.002957204633624862,79676.33333333333,130113.96919752058
Smp,GBTFate1T0,Fate1,0,200908,1,1,Glycine_13C-1 15N-1,Glycine,248.088257,0.0012690273216848212,NA,248490,NA
Smp,GBTFate1T0,Fate1,0,200908,1,1,Isoleucine_13C-1 15N-1,Isoleucine,304.150857,0.0026204325089085128,0.0022827546561305966,222140.33333333334,298802.6490718135
Smp,GBTFate1T0,Fate1,0,200908,1,1,Leucine_13C-1 15N-1,Leucine,304.150857,0.0016590704977793077,0.002346279998892579,489234,691881.3579740388
Smp,GBTFate1T0,Fate1,0,200908,1,1,Phenylalaine_13C-1 15N-1,Phenylalaine,338.135207,0.005582275370208736,8.795134240527375e-4,694517,710946.3710083904
Smp,GBTFate1T0,Fate1,0,200908,1,1,Proline_13C-1 15N-1,Proline,288.119557,0.003990499599945995,0.0012600563538430957,183150.5,150457.4737940924
Smp,GBTFate1T0,Fate1,0,200908,1,1,Threonine_13C-1 15N-1,Threonine,292.114472,0.004614544288168484,4.308460445257252e-4,256469,236060.527831317
Smp,GBTFate1T0,Fate1,0,200908,1,1,Tyrosine_13C-1 15N-1,Tyrosine,354.130122,0.008603328203312525,0.0029593960094940674,278796.6666666667,393268.34287332784
Smp,GBTFate1T0,Fate1,0,200908,1,1,Valine_13C-1 15N-1,Valine,290.135207,0.0035627854064230456,0.0010203913590351949,335112,415779.12162950175
Smp,GBTFate1T0,Fate1,0,200908,1,2,Aspartic Acid_13C-2 15N-1,Aspartic Acid,307.097091,0.0037818985651611853,0.003525772529266938,22611,19952.069892620162
Smp,GBTFate1T0,Fate1,0,200908,1,2,Glycine_13C-2 15N-1,Glycine,249.091611,0.008119425659346358,NA,1589876,NA
Smp,GBTFate1T0,Fate1,0,200908,1,2,Isoleucine_13C-2 15N-1,Isoleucine,305.154211,1.0777573894683514e-4,1.866730556791983e-4,16438,28471.451174817204
Smp,GBTFate1T0,Fate1,0,200908,1,2,Phenylalaine_13C-2 15N-1,Phenylalaine,339.138561,7.096960506450477e-4,5.45778432987994e-5,79219,71113.72898393108
Smp,GBTFate1T0,Fate1,0,200908,1,2,Tyrosine_13C-2 15N-1,Tyrosine,NA,2.718594973102735e-4,4.7087446186152817e-4,18081,31317.21065165287
Smp,GBTFate1T0,Fate1,0,200908,1,2,Valine_13C-2 15N-1,Valine,291.138561,2.2470439974799e-4,3.8919943704778594e-4,43340.666666666664,75068.23670057351
Smp,GBTFate1Tlong,Fate1,96,200908,0,0,Alanine_13C-0 15N-0,Alanine,260.103517,0.8524974073823728,9.57487795034194e-4,120911010,54959102.89953838
Smp,GBTFate1Tlong,Fate1,96,200908,0,0,Arginine_13C-0 15N-0,Arginine,345.167514,0.9327741577650509,0.058566429407161696,5303487.666666667,3821530.19212008
Smp,GBTFate1Tlong,Fate1,96,200908,0,0,Aspartic Acid_13C-0 15N-0,Aspartic Acid,304.093347,0.8387411334238357,0.011787512455551177,14438741.666666666,5901509.019434379
Smp,GBTFate1Tlong,Fate1,96,200908,0,0,Glutamic Acid_13C-0 15N-0,Glutamic Acid,318.108997,0.816906636138923,0.010219384623026663,20837891.666666668,10486784.052384092
Smp,GBTFate1Tlong,Fate1,96,200908,0,0,Glycine_13C-0 15N-0,Glycine,246.087867,0.8666949636750353,0.0012649405584422033,146883108,50602382.768777676
Smp,GBTFate1Tlong,Fate1,96,200908,0,0,Isoleucine_13C-0 15N-0,Isoleucine,302.150467,0.8161932208647752,0.006829875251134964,80830314.33333333,41658165.83971144
Smp,GBTFate1Tlong,Fate1,96,200908,0,0,Leucine_13C-0 15N-0,Leucine,302.150467,0.8122292122350556,0.006257224953337325,143860984,72681287.74811982
Smp,GBTFate1Tlong,Fate1,96,200908,0,0,Lysine_13C-0 15N-0,Lysine,244.1083,0.9614550623124629,0.005858801021142158,78018348,31624547.640059613
Smp,GBTFate1Tlong,Fate1,96,200908,0,0,Phenylalaine_13C-0 15N-0,Phenylalaine,336.134817,0.7584765965622148,0.0019007917753820938,91555713.33333333,54438026.0915012
Smp,GBTFate1Tlong,Fate1,96,200908,0,0,Proline_13C-0 15N-0,Proline,286.119167,0.83177280621988825,0.0027077624470768663,52960243.666666664,24629424.146694567
Smp,GBTFate1Tlong,Fate1,96,200908,0,0,Serine_13C-0 15N-0,Serine,276.098432,0.8727072239806556,0.01826271268238917,29912799.333333332,17679367.80412041
Smp,GBTFate1Tlong,Fate1,96,200908,0,0,Threonine_13C-0 15N-0,Threonine,290.114082,0.8371742591435162,0.003516675537517376,57578542,23014930.878719926
Smp,GBTFate1Tlong,Fate1,96,200908,0,0,Tyrosine_13C-0 15N-0,Tyrosine,352.129732,0.7571823706637554,0.007798088029535606,31796773.666666668,22834010.577656858
Smp,GBTFate1Tlong,Fate1,96,200908,0,0,Valine_13C-0 15N-0,Valine,288.134817,0.8176534611383331,0.004713427712572581,101875792.66666667,47976011.67812053
Smp,GBTFate1Tlong,Fate1,96,200908,0,1,Alanine_13C-1 15N-0,Alanine,261.106871,0.1171586404541065,8.8488964987393e-4,16595888,7508944.41348243
Smp,GBTFate1Tlong,Fate1,96,200908,0,1,Arginine_13C-1 15N-0,Arginine,NA,0.047495496465347974,0.04191425510605696,403484,556552.2825476506
Smp,GBTFate1Tlong,Fate1,96,200908,0,1,Aspartic Acid_13C-1 15N-0,Aspartic Acid,305.096701,0.12491720797197556,0.004682379222771166,2168807,959727.6954058375
Smp,GBTFate1Tlong,Fate1,96,200908,0,1,Glutamic Acid_13C-1 15N-0,Glutamic Acid,319.112351,0.12625355607230931,0.005334554468619108,3249246,1668499.435441319
Smp,GBTFate1Tlong,Fate1,96,200908,0,1,Glycine_13C-1 15N-0,Glycine,247.091221,0.10599879987533282,0.0029374816657386045,17874257,5664871.426177473
Smp,GBTFate1Tlong,Fate1,96,200908,0,1,Isoleucine_13C-1 15N-0,Isoleucine,303.153821,0.13385438580366155,0.003174206312585228,13403808.666666666,7232934.372259805
Smp,GBTFate1Tlong,Fate1,96,200908,0,1,Leucine_13C-1 15N-0,Leucine,303.153821,0.1354566487715334,0.003007348354944073,24203633,12596402.92847974
Smp,GBTFate1Tlong,Fate1,96,200908,0,1,Lysine_13C-1 15N-0,Lysine,245.11165400000002,0.03648624221952056,0.005275472844996664,2917508.3333333335,1174468.721117056
Smp,GBTFate1Tlong,Fate1,96,200908,0,1,Phenylalaine_13C-1 15N-0,Phenylalaine,337.138171,0.15440504862786955,8.699599190321795e-4,18647530.333333332,11070305.741580054
Smp,GBTFate1Tlong,Fate1,96,200908,0,1,Proline_13C-1 15N-0,Proline,287.122521,0.1311320116143404,0.0027151588192263383,8305229.333333333,3794678.392593282
Smp,GBTFate1Tlong,Fate1,96,200908,0,1,Serine_13C-1 15N-0,Serine,277.101786,0.12464821418262496,0.02203453395484149,3952114.6666666665,1685094.1969950325
Smp,GBTFate1Tlong,Fate1,96,200908,0,1,Threonine_13C-1 15N-0,Threonine,291.117436,0.12271009259510175,0.002255530920917645,8484413,3515564.047509731
Smp,GBTFate1Tlong,Fate1,96,200908,0,1,Tyrosine_13C-1 15N-0,Tyrosine,353.133086,0.14988351846847733,0.0029591699439006037,6216806.333333333,4377678.929638894
Smp,GBTFate1Tlong,Fate1,96,200908,0,1,Valine_13C-1 15N-0,Valine,289.138171,0.13278342759707776,0.0016994490105926845,16569020.666666666,7935217.6164910775
Smp,GBTFate1Tlong,Fate1,96,200908,0,2,Alanine_13C-2 15N-0,Alanine,262.110225,0.009402637586726307,0.0011553258878961837,1383742.3333333333,729127.0760603623
Smp,GBTFate1Tlong,Fate1,96,200908,0,2,Aspartic Acid_13C-2 15N-0,Aspartic Acid,306.100055,0.0036884177629061578,0.00381178964391841,81677.33333333333,91679.21826310111
Smp,GBTFate1Tlong,Fate1,96,200908,0,2,Glutamic Acid_13C-2 15N-0,Glutamic Acid,320.115705,0.011446729864166873,0.001981607932241612,298506.6666666667,157880.8923376522
Smp,GBTFate1Tlong,Fate1,96,200908,0,2,Glycine_13C-2 15N-0,Glycine,248.094575,0.008699514597153821,0.0020072204068877315,1532329,845862.3448587838
Smp,GBTFate1Tlong,Fate1,96,200908,0,2,Isoleucine_13C-2 15N-0,Isoleucine,304.157175,0.012926592025622725,0.001209610854236559,1325133.6666666667,789359.0230891983
Smp,GBTFate1Tlong,Fate1,96,200908,0,2,Leucine_13C-2 15N-0,Leucine,304.157175,0.013491371313415266,6.544850457173224e-4,2434134.6666666665,1319752.700800545
Smp,GBTFate1Tlong,Fate1,96,200908,0,2,Phenylalaine_13C-2 15N-0,Phenylalaine,338.141525,0.017702008423748306,0.001028150126712982,2143540.6666666665,1250917.4184834638
Smp,GBTFate1Tlong,Fate1,96,200908,0,2,Proline_13C-2 15N-0,Proline,288.125875,0.011249629543736369,7.707096919608238e-4,731201,372592.96271266317
Smp,GBTFate1Tlong,Fate1,96,200908,0,2,Serine_13C-2 15N-0,Serine,NA,0.002644561836719389,0.0045805154649556515,143031,247736.95905738408
Smp,GBTFate1Tlong,Fate1,96,200908,0,2,Threonine_13C-2 15N-0,Threonine,NA,0.010853955849631709,2.773859164313728e-4,742823,287033.7359632139
Smp,GBTFate1Tlong,Fate1,96,200908,0,2,Tyrosine_13C-2 15N-0,Tyrosine,354.13644,0.017951092182021587,0.0016995419745992892,773827.3333333334,609446.3780451347
Smp,GBTFate1Tlong,Fate1,96,200908,0,2,Valine_13C-2 15N-0,Valine,290.141525,0.012899017306467427,5.742341762985986e-4,1617168.3333333333,773079.7169925837
Smp,GBTFate1Tlong,Fate1,96,200908,0,3,Isoleucine_13C-3 15N-0,Isoleucine,305.160529,4.81264537560476e-4,2.8437030305527184e-4,51654,52932.0966994507
Smp,GBTFate1Tlong,Fate1,96,200908,0,3,Leucine_13C-3 15N-0,Leucine,305.160529,8.158651006036602e-4,5.044118698711301e-4,165738.33333333334,123826.0488319535
Smp,GBTFate1Tlong,Fate1,96,200908,0,3,Phenylalaine_13C-3 15N-0,Phenylalaine,339.144879,0.0011290156301635114,3.9718378174215507e-4,155160.66666666666,135774.53296672882
Smp,GBTFate1Tlong,Fate1,96,200908,0,3,Tyrosine_13C-3 15N-0,Tyrosine,NA,5.56093158315511e-4,7.456435200825406e-4,37284.333333333336,55509.00004804026
Smp,GBTFate1Tlong,Fate1,96,200908,0,3,Valine_13C-3 15N-0,Valine,291.144879,9.674512377906196e-4,1.5069714538328856e-4,124418.66666666667,65493.02773832749
Smp,GBTFate1Tlong,Fate1,96,200908,1,0,Alanine_13C-0 15N-1,Alanine,261.100553,0.01937887341788828,4.335902791586954e-4,2762420,1281523.194271957
Smp,GBTFate1Tlong,Fate1,96,200908,1,0,Arginine_13C-0 15N-1,Arginine,NA,0.019730345769601153,0.01668652284356188,166197.66666666666,223378.23090966884
Smp,GBTFate1Tlong,Fate1,96,200908,1,0,Aspartic Acid_13C-0 15N-1,Aspartic Acid,305.090383,0.03063285243201888,0.002314227762580946,535848.6666666666,253501.13730974332
Smp,GBTFate1Tlong,Fate1,96,200908,1,0,Glutamic Acid_13C-0 15N-1,Glutamic Acid,319.10603299999997,0.040875289121672195,0.0021563630977298413,1059839.3333333333,565949.2741406541
Smp,GBTFate1Tlong,Fate1,96,200908,1,0,Glycine_13C-0 15N-1,Glycine,247.084903,0.011935815617806222,2.6141759385532885e-4,2014716.5,649633.8491184862
Smp,GBTFate1Tlong,Fate1,96,200908,1,0,Isoleucine_13C-0 15N-1,Isoleucine,303.147503,0.03298056440943731,0.001954845927465232,3338335,1905316.622375137
Smp,GBTFate1Tlong,Fate1,96,200908,1,0,Leucine_13C-0 15N-1,Leucine,303.147503,0.03479238006140188,0.0018233236021748375,6287332,3443311.9376624883
Smp,GBTFate1Tlong,Fate1,96,200908,1,0,Lysine_13C-0 15N-1,Lysine,245.10533600000002,0.0020586954680165267,0.001240065423444883,186582.66666666666,147450.01115745408
Smp,GBTFate1Tlong,Fate1,96,200908,1,0,Phenylalaine_13C-0 15N-1,Phenylalaine,337.131853,0.06151314162274153,0.001925741523634408,7500073.666666667,4669290.5533758905
Smp,GBTFate1Tlong,Fate1,96,200908,1,0,Proline_13C-0 15N-1,Proline,287.116203,0.0225907530287034,9.50153266700906e-4,1446939,705978.1924372736
Smp,GBTFate1Tlong,Fate1,96,200908,1,0,Serine_13C-0 15N-1,Serine,277.095468,0,0,0,0
Smp,GBTFate1Tlong,Fate1,96,200908,1,0,Threonine_13C-0 15N-1,Threonine,291.111118,0.025016311422156576,0.0017846334279975743,1755389.3333333333,790587.2785558426
Smp,GBTFate1Tlong,Fate1,96,200908,1,0,Tyrosine_13C-0 15N-1,Tyrosine,353.12676799999997,0.06420283853702935,0.009082767884168091,2532979.3333333335,1527576.7235007654
Smp,GBTFate1Tlong,Fate1,96,200908,1,0,Valine_13C-0 15N-1,Valine,289.131853,0.031940488488303456,0.002961701949480724,4053278,2192664.0444493545
Smp,GBTFate1Tlong,Fate1,96,200908,1,1,Alanine_13C-1 15N-1,Alanine,262.103907,0.001562441158906143,1.1810602425797249e-4,225679.66666666666,110696.62780922161
Smp,GBTFate1Tlong,Fate1,96,200908,1,1,Aspartic Acid_13C-1 15N-1,Aspartic Acid,306.093737,0.0020203884092636327,0.0020060913942405775,44468,47969.46392237462
Smp,GBTFate1Tlong,Fate1,96,200908,1,1,Glutamic Acid_13C-1 15N-1,Glutamic Acid,NA,0.00451778880292863,9.921262932568846e-4,117644,61906.95129789546
Smp,GBTFate1Tlong,Fate1,96,200908,1,1,Glycine_13C-1 15N-1,Glycine,248.088257,0.0013122889529207276,3.937873062969339e-4,233791.5,143014.4678153228
Smp,GBTFate1Tlong,Fate1,96,200908,1,1,Isoleucine_13C-1 15N-1,Isoleucine,304.150857,0.0032394334587980598,3.9022854070259094e-4,335038,202068.68388990907
Smp,GBTFate1Tlong,Fate1,96,200908,1,1,Leucine_13C-1 15N-1,Leucine,304.150857,0.003214522517990122,4.924778461580484e-4,600303,368890.06831304095
Smp,GBTFate1Tlong,Fate1,96,200908,1,1,Phenylalaine_13C-1 15N-1,Phenylalaine,338.135207,0.006292702284304628,1.991264354962341e-4,761347,464968.3272664924
Smp,GBTFate1Tlong,Fate1,96,200908,1,1,Proline_13C-1 15N-1,Proline,288.119557,0.0032547995933315172,1.7625140052698456e-4,203785.33333333334,87031.38259463268
Smp,GBTFate1Tlong,Fate1,96,200908,1,1,Threonine_13C-1 15N-1,Threonine,292.114472,0.004245380989593748,1.1219790243237618e-4,290472.6666666667,112055.58285660441
Smp,GBTFate1Tlong,Fate1,96,200908,1,1,Tyrosine_13C-1 15N-1,Tyrosine,354.130122,0.009872743360990276,7.669576476640029e-4,408183.6666666667,297106.4286099063
Smp,GBTFate1Tlong,Fate1,96,200908,1,1,Valine_13C-1 15N-1,Valine,290.135207,0.0035927868289154976,3.604344221718763e-4,458806.3333333333,253321.448962249
Smp,GBTFate1Tlong,Fate1,96,200908,1,2,Aspartic Acid_13C-2 15N-1,Aspartic Acid,307.097091,0,0,0,0
Smp,GBTFate1Tlong,Fate1,96,200908,1,2,Glycine_13C-2 15N-1,Glycine,249.091611,0.0053586172817511254,4.670490120329909e-4,894347.5,232406.90709292612
Smp,GBTFate1Tlong,Fate1,96,200908,1,2,Isoleucine_13C-2 15N-1,Isoleucine,305.154211,3.2453890014471926e-4,1.9932166088970413e-4,34031.333333333336,34946.708605150976
Smp,GBTFate1Tlong,Fate1,96,200908,1,2,Phenylalaine_13C-2 15N-1,Phenylalaine,339.138561,4.814868489577272e-4,1.99824713327559e-4,66507.66666666667,63413.45717064583
Smp,GBTFate1Tlong,Fate1,96,200908,1,2,Tyrosine_13C-2 15N-1,Tyrosine,NA,3.513436294106046e-4,5.759450159165329e-4,24908,41810.192585062316
Smp,GBTFate1Tlong,Fate1,96,200908,1,2,Valine_13C-2 15N-1,Valine,291.138561,1.6336740311207409e-4,2.8296064249069825e-4,29139.333333333332,50470.805832018705
Smp,GBTFate2T0,Fate2,0,200908,0,0,Alanine_13C-0 15N-0,Alanine,260.103517,0.8536373172493051,0.004060284350860649,71635207.33333333,30016088.674413085
Smp,GBTFate2T0,Fate2,0,200908,0,0,Arginine_13C-0 15N-0,Arginine,345.167514,0.954299519217605,0.024538860872884805,3015731.3333333335,1270103.1404454259
Smp,GBTFate2T0,Fate2,0,200908,0,0,Aspartic Acid_13C-0 15N-0,Aspartic Acid,304.093347,0.8349780668349142,0.006528449446275099,7313697,2827431.024416157
Smp,GBTFate2T0,Fate2,0,200908,0,0,Glutamic Acid_13C-0 15N-0,Glutamic Acid,318.108997,0.8194727877253654,0.006423244402536327,9927529.666666666,3988339.233526824
Smp,GBTFate2T0,Fate2,0,200908,0,0,Glycine_13C-0 15N-0,Glycine,246.087867,0.9289309283940581,0.06865568114137459,88886556,55937486.46226743
Smp,GBTFate2T0,Fate2,0,200908,0,0,Isoleucine_13C-0 15N-0,Isoleucine,302.150467,0.8181921081936977,0.006904327649180019,50644878.333333336,25123682.82425181
Smp,GBTFate2T0,Fate2,0,200908,0,0,Leucine_13C-0 15N-0,Leucine,302.150467,0.812849546237659,0.004237099359972533,84443362.66666667,38910544.48548554
Smp,GBTFate2T0,Fate2,0,200908,0,0,Lysine_13C-0 15N-0,Lysine,244.1083,0.950111498120929,0.005222014608863003,52062197.333333336,18668533.28033344
Smp,GBTFate2T0,Fate2,0,200908,0,0,Phenylalaine_13C-0 15N-0,Phenylalaine,336.134817,0.761448391605417,0.002843012462631395,50812254.666666664,25932866.789216295
Smp,GBTFate2T0,Fate2,0,200908,0,0,Proline_13C-0 15N-0,Proline,286.119167,0.8390246090178555,0.0071495126231638706,28952798.333333332,12365256.75573578
Smp,GBTFate2T0,Fate2,0,200908,0,0,Serine_13C-0 15N-0,Serine,276.098432,0.8512512745451623,0.05025462623232982,20031197.333333332,8768570.588312404
Smp,GBTFate2T0,Fate2,0,200908,0,0,Threonine_13C-0 15N-0,Threonine,290.114082,0.8435782830892927,0.012953839842606207,38165575.333333336,15048322.61498953
Smp,GBTFate2T0,Fate2,0,200908,0,0,Tyrosine_13C-0 15N-0,Tyrosine,352.129732,0.761578559962037,0.007036332688553517,6661996.666666667,6658543.878076072
Smp,GBTFate2T0,Fate2,0,200908,0,0,Valine_13C-0 15N-0,Valine,288.134817,0.8172901367560826,0.0025339087768560167,60427774,27378429.00418766
Smp,GBTFate2T0,Fate2,0,200908,0,1,Alanine_13C-1 15N-0,Alanine,261.106871,0.11757009124840267,0.001834183568016913,9868097.333333334,4173384.535686633
Smp,GBTFate2T0,Fate2,0,200908,0,1,Arginine_13C-1 15N-0,Arginine,NA,0.030534020381013303,0.014872752857097249,106482.33333333333,80632.48018220284
Smp,GBTFate2T0,Fate2,0,200908,0,1,Aspartic Acid_13C-1 15N-0,Aspartic Acid,305.096701,0.12751575362014203,0.0062226306238464925,1112081.3333333333,429209.5014189846
Smp,GBTFate2T0,Fate2,0,200908,0,1,Glutamic Acid_13C-1 15N-0,Glutamic Acid,319.112351,0.12455851472399586,0.005240873083093548,1495885,568047.0769038425
Smp,GBTFate2T0,Fate2,0,200908,0,1,Glycine_13C-1 15N-0,Glycine,247.091221,0.051797168707629744,0.07325225847885726,7556754,10686863.994317135
Smp,GBTFate2T0,Fate2,0,200908,0,1,Isoleucine_13C-1 15N-0,Isoleucine,303.153821,0.1318645785304657,0.0025658910222732603,8144963.333333333,4026161.155616145
Smp,GBTFate2T0,Fate2,0,200908,0,1,Leucine_13C-1 15N-0,Leucine,303.153821,0.135847875106588,0.001507206840159233,14101876,6441402.182661474
Smp,GBTFate2T0,Fate2,0,200908,0,1,Lysine_13C-1 15N-0,Lysine,245.11165400000002,0.04707842838883439,0.0057993863703885,2566889.6666666665,857771.5827942386
Smp,GBTFate2T0,Fate2,0,200908,0,1,Phenylalaine_13C-1 15N-0,Phenylalaine,337.138171,0.15191411280187878,0.0042730104270791896,10203310.333333334,5363024.167270397
Smp,GBTFate2T0,Fate2,0,200908,0,1,Proline_13C-1 15N-0,Proline,287.122521,0.12695392634271174,0.003937162693375514,4340129.333333333,1721911.0267056
Smp,GBTFate2T0,Fate2,0,200908,0,1,Serine_13C-1 15N-0,Serine,277.101786,0.1487487254548378,0.05025462623232984,3141998.6666666665,487757.1418650201
Smp,GBTFate2T0,Fate2,0,200908,0,1,Threonine_13C-1 15N-0,Threonine,291.117436,0.12080427905832236,0.00343995434895798,5482088,2249084.72028312
Smp,GBTFate2T0,Fate2,0,200908,0,1,Tyrosine_13C-1 15N-0,Tyrosine,353.133086,0.1513094436421315,0.006176886295886952,1295276.3333333333,1266431.5012713214
Smp,GBTFate2T0,Fate2,0,200908,0,1,Valine_13C-1 15N-0,Valine,289.138171,0.13368432210900344,0.0030727311900465844,9907043,4520118.097673666
Smp,GBTFate2T0,Fate2,0,200908,0,2,Alanine_13C-2 15N-0,Alanine,262.110225,0.007967083996470092,8.616139805672343e-4,665930,285703.60011907446
Smp,GBTFate2T0,Fate2,0,200908,0,2,Aspartic Acid_13C-2 15N-0,Aspartic Acid,306.100055,0.003028588659876918,0.002652724895462249,31941.666666666668,27672.338577238705
Smp,GBTFate2T0,Fate2,0,200908,0,2,Glutamic Acid_13C-2 15N-0,Glutamic Acid,320.115705,0.010498890994574179,0.0024623639133706057,126493.66666666667,59885.060084576464
Smp,GBTFate2T0,Fate2,0,200908,0,2,Glycine_13C-2 15N-0,Glycine,248.094575,0.00598235819454814,9.976546727846285e-4,553692.5,305699.9391764742
Smp,GBTFate2T0,Fate2,0,200908,0,2,Isoleucine_13C-2 15N-0,Isoleucine,304.157175,0.013304951910809427,0.0011040077229983226,837387.6666666666,472511.31150728377
Smp,GBTFate2T0,Fate2,0,200908,0,2,Leucine_13C-2 15N-0,Leucine,304.157175,0.01321240698348122,9.93879535780266e-5,1372582.6666666667,631556.8296553631
Smp,GBTFate2T0,Fate2,0,200908,0,2,Phenylalaine_13C-2 15N-0,Phenylalaine,338.141525,0.017098852569500885,6.077778593799236e-4,1154379,631086.2453365625
Smp,GBTFate2T0,Fate2,0,200908,0,2,Proline_13C-2 15N-0,Proline,288.125875,0.010336628194393063,0.0013613749629099799,360547.6666666667,181446.15797622537
Smp,GBTFate2T0,Fate2,0,200908,0,2,Threonine_13C-2 15N-0,Threonine,NA,0.010136064634998566,9.243150191134455e-4,462738.6666666667,205413.208363857
Smp,GBTFate2T0,Fate2,0,200908,0,2,Tyrosine_13C-2 15N-0,Tyrosine,354.13644,0.007238732259698291,0.008566367253489412,113309.33333333333,175092.6722805193
Smp,GBTFate2T0,Fate2,0,200908,0,2,Valine_13C-2 15N-0,Valine,290.141525,0.012669275968533154,5.224408376054129e-4,926919.6666666666,391009.73459663807
Smp,GBTFate2T0,Fate2,0,200908,0,3,Alanine_13C-3 15N-0,Alanine,263.113579,0,0,0,0
Smp,GBTFate2T0,Fate2,0,200908,0,3,Isoleucine_13C-3 15N-0,Isoleucine,305.160529,4.429772020375867e-5,7.672590205238038e-5,4250,7361.215932167728
Smp,GBTFate2T0,Fate2,0,200908,0,3,Leucine_13C-3 15N-0,Leucine,305.160529,8.154585826718045e-4,1.1103426995017702e-4,86297,44818.53983565283
Smp,GBTFate2T0,Fate2,0,200908,0,3,Phenylalaine_13C-3 15N-0,Phenylalaine,339.144879,5.111178587383925e-4,5.41922586565226e-4,46169.666666666664,59317.169776830495
Smp,GBTFate2T0,Fate2,0,200908,0,3,Valine_13C-3 15N-0,Valine,291.144879,2.2705809260196625e-4,3.9327615265628455e-4,10329.333333333334,17890.93014164812
Smp,GBTFate2T0,Fate2,0,200908,1,0,Alanine_13C-0 15N-1,Alanine,261.100553,0.019760757525775215,0.0014528371045292908,1630046.3333333333,587636.3177887606
Smp,GBTFate2T0,Fate2,0,200908,1,0,Arginine_13C-0 15N-1,Arginine,NA,0.015166460401381716,0.010100231515031075,51708.666666666664,38509.43061554316
Smp,GBTFate2T0,Fate2,0,200908,1,0,Aspartic Acid_13C-0 15N-1,Aspartic Acid,305.090383,0.03262667337435261,0.0029083946841710327,290761.3333333333,133014.91517996517
Smp,GBTFate2T0,Fate2,0,200908,1,0,Glutamic Acid_13C-0 15N-1,Glutamic Acid,319.10603299999997,0.04198764610898421,0.0016728976649077515,505995.6666666667,198570.80311398586
Smp,GBTFate2T0,Fate2,0,200908,1,0,Glycine_13C-0 15N-1,Glycine,247.084903,0.011814977817394453,0.003143987629059231,1053931,488518.8619183501
Smp,GBTFate2T0,Fate2,0,200908,1,0,Isoleucine_13C-0 15N-1,Isoleucine,303.147503,0.03231722091706376,0.004135363608867983,1914506,684528.6978907458
Smp,GBTFate2T0,Fate2,0,200908,1,0,Leucine_13C-0 15N-1,Leucine,303.147503,0.03427813279811332,0.004322745204894127,3422923,1091623.04580519
Smp,GBTFate2T0,Fate2,0,200908,1,0,Lysine_13C-0 15N-1,Lysine,245.10533600000002,0.0028100734902366466,7.68984865994491e-4,161457.66666666666,99552.9209834314
Smp,GBTFate2T0,Fate2,0,200908,1,0,Phenylalaine_13C-0 15N-1,Phenylalaine,337.131853,0.06312880535768774,0.004756926083052275,4104508.3333333335,1763257.6375601874
Smp,GBTFate2T0,Fate2,0,200908,1,0,Proline_13C-0 15N-1,Proline,287.116203,0.020346523775071648,0.0019220960294288986,683422.3333333334,228516.42045449017
Smp,GBTFate2T0,Fate2,0,200908,1,0,Threonine_13C-0 15N-1,Threonine,291.111118,0.021162643756450175,0.008120493430187316,984518,597790.6072304917
Smp,GBTFate2T0,Fate2,0,200908,1,0,Tyrosine_13C-0 15N-1,Tyrosine,353.12676799999997,0.07567007648115123,0.006782240640646656,640287,624966.1702108363
Smp,GBTFate2T0,Fate2,0,200908,1,0,Valine_13C-0 15N-1,Valine,289.131853,0.032468186983533126,0.0014792883087223249,2366916,954542.406183717
Smp,GBTFate2T0,Fate2,0,200908,1,1,Alanine_13C-1 15N-1,Alanine,262.103907,0.0010647499800468918,3.8926626987715224e-4,86236.66666666667,37002.85008392372
Smp,GBTFate2T0,Fate2,0,200908,1,1,Aspartic Acid_13C-1 15N-1,Aspartic Acid,306.093737,0.0018509175107143032,0.0016336903695217766,19468,16862.8001529995
Smp,GBTFate2T0,Fate2,0,200908,1,1,Glutamic Acid_13C-1 15N-1,Glutamic Acid,NA,0.0034821604470803846,0.0014534755364463614,46016.666666666664,29823.16982370139
Smp,GBTFate2T0,Fate2,0,200908,1,1,Glycine_13C-1 15N-1,Glycine,248.088257,0.0014745668863695776,4.5493503563884307e-4,129425.5,54828.352706423706
Smp,GBTFate2T0,Fate2,0,200908,1,1,Isoleucine_13C-1 15N-1,Isoleucine,304.150857,0.0042605932816895935,0.00161663540759944,250008.33333333334,116395.20923274005
Smp,GBTFate2T0,Fate2,0,200908,1,1,Leucine_13C-1 15N-1,Leucine,304.150857,0.0029965802914866165,6.326753021267808e-4,294871,84734.01460452584
Smp,GBTFate2T0,Fate2,0,200908,1,1,Phenylalaine_13C-1 15N-1,Phenylalaine,338.135207,0.0055404180301733795,1.7109937846930155e-4,373211.6666666667,201939.39130425578
Smp,GBTFate2T0,Fate2,0,200908,1,1,Proline_13C-1 15N-1,Proline,288.119557,0.003338312669968032,9.984757754338317e-4,108595,32322.95159789712
Smp,GBTFate2T0,Fate2,0,200908,1,1,Serine_13C-1 15N-1,Serine,NA,0,0,0,0
Smp,GBTFate2T0,Fate2,0,200908,1,1,Threonine_13C-1 15N-1,Threonine,292.114472,0.0043187294609362045,5.25164923573743e-4,194375.33333333334,76272.55593811796
Smp,GBTFate2T0,Fate2,0,200908,1,1,Tyrosine_13C-1 15N-1,Tyrosine,354.130122,0.0042031876549819625,0.0049077032423865624,65338.666666666664,100478.8683372446
Smp,GBTFate2T0,Fate2,0,200908,1,1,Valine_13C-1 15N-1,Valine,290.135207,0.0036610200902456695,2.6234920780825665e-4,266138.3333333333,107861.0676997652
Smp,GBTFate2T0,Fate2,0,200908,1,2,Alanine_13C-2 15N-1,Alanine,NA,0,0,0,0
Smp,GBTFate2T0,Fate2,0,200908,1,2,Glycine_13C-2 15N-1,Glycine,249.091611,0,0,0,0
Smp,GBTFate2T0,Fate2,0,200908,1,2,Isoleucine_13C-2 15N-1,Isoleucine,305.154211,1.6249446070037593e-5,2.814486618815553e-5,1559,2700.2672089998796
Smp,GBTFate2T0,Fate2,0,200908,1,2,Phenylalaine_13C-2 15N-1,Phenylalaine,339.138561,3.5830177660381115e-4,2.312628204980917e-4,28760,28462.414742955312
Smp,GBTFate2T0,Fate2,0,200908,1,3,Phenylalaine_13C-3 15N-1,Phenylalaine,NA,0,0,0,0
Smp,GBTFate2Tlong,Fate2,96,200908,0,0,Alanine_13C-0 15N-0,Alanine,260.103517,0.8473798704579292,0.00398420412733903,60359287.333333336,26423345.96807341
Smp,GBTFate2Tlong,Fate2,96,200908,0,0,Arginine_13C-0 15N-0,Arginine,345.167514,0.975270534775132,0.023819073487382453,3195777.5,1030557.9289979287
Smp,GBTFate2Tlong,Fate2,96,200908,0,0,Aspartic Acid_13C-0 15N-0,Aspartic Acid,304.093347,0.8439782267129138,0.003910745334750046,9532190,1288179.9293037443
Smp,GBTFate2Tlong,Fate2,96,200908,0,0,Glutamic Acid_13C-0 15N-0,Glutamic Acid,318.108997,0.8207605335200558,0.007604429988442381,14547986.666666666,4547014.567945911
Smp,GBTFate2Tlong,Fate2,96,200908,0,0,Glycine_13C-0 15N-0,Glycine,246.087867,0.8523420830363945,0.006873657788551071,83285640,13083879.615007164
Smp,GBTFate2Tlong,Fate2,96,200908,0,0,Isoleucine_13C-0 15N-0,Isoleucine,302.150467,0.8126843535579343,0.004903303917773504,41361939.666666664,19660377.5784179
Smp,GBTFate2Tlong,Fate2,96,200908,0,0,Leucine_13C-0 15N-0,Leucine,302.150467,0.8085200770418738,0.0014039757890630612,70824560,34242912.29189573
Smp,GBTFate2Tlong,Fate2,96,200908,0,0,Lysine_13C-0 15N-0,Lysine,244.1083,0.9434570637925475,0.014230661370556768,45510892,20545398.314474605
Smp,GBTFate2Tlong,Fate2,96,200908,0,0,Phenylalaine_13C-0 15N-0,Phenylalaine,336.134817,0.7438015093102465,0.006384785066503706,52504816,2567878.0748688206
Smp,GBTFate2Tlong,Fate2,96,200908,0,0,Proline_13C-0 15N-0,Proline,286.119167,0.8287563608976287,0.006031258176427823,26805408.333333332,12806556.592009319
Smp,GBTFate2Tlong,Fate2,96,200908,0,0,Serine_13C-0 15N-0,Serine,276.098432,0.8650964923838547,0.012139114971248437,27888061,7276613.853661468
Smp,GBTFate2Tlong,Fate2,96,200908,0,0,Threonine_13C-0 15N-0,Threonine,290.114082,0.840980334787997,0.0051268406964335034,35170962,4497425.402516422
Smp,GBTFate2Tlong,Fate2,96,200908,0,0,Valine_13C-0 15N-0,Valine,288.134817,0.8106418682769989,0.004783357495075524,50738712.666666664,22618426.85114571
Smp,GBTFate2Tlong,Fate2,96,200908,0,1,Alanine_13C-1 15N-0,Alanine,261.106871,0.1149348853766546,0.004092092827516718,8278657,3816221.5217388785
Smp,GBTFate2Tlong,Fate2,96,200908,0,1,Arginine_13C-1 15N-0,Arginine,NA,0.01511960042181171,0.02138234397418809,61910.5,87554.6687532995
Smp,GBTFate2Tlong,Fate2,96,200908,0,1,Aspartic Acid_13C-1 15N-0,Aspartic Acid,305.096701,0.1234070814427257,0.005967557264175226,1391981,182081.59471237063
Smp,GBTFate2Tlong,Fate2,96,200908,0,1,Glutamic Acid_13C-1 15N-0,Glutamic Acid,319.112351,0.12791983057095033,0.0022213382412506195,2264950.6666666665,692283.5319537316
Smp,GBTFate2Tlong,Fate2,96,200908,0,1,Glycine_13C-1 15N-0,Glycine,247.091221,0.10282021317584315,3.874656165186166e-4,10050525,1621533.0279763036
Smp,GBTFate2Tlong,Fate2,96,200908,0,1,Isoleucine_13C-1 15N-0,Isoleucine,303.153821,0.13192240543944891,0.006860374811978484,6831164.333333333,3459764.7446519155
Smp,GBTFate2Tlong,Fate2,96,200908,0,1,Leucine_13C-1 15N-0,Leucine,303.153821,0.1367345865066106,0.0030990706842828094,12048443.666666666,5953790.616209167
Smp,GBTFate2Tlong,Fate2,96,200908,0,1,Lysine_13C-1 15N-0,Lysine,245.11165400000002,0.05432571100263696,0.013220270563939542,2439815.3333333335,800304.8377745404
Smp,GBTFate2Tlong,Fate2,96,200908,0,1,Phenylalaine_13C-1 15N-0,Phenylalaine,337.138171,0.16082875731166796,6.073535017612109e-4,11350044,414938.74448164034
Smp,GBTFate2Tlong,Fate2,96,200908,0,1,Proline_13C-1 15N-0,Proline,287.122521,0.13191896813831788,6.71335160709139e-4,4261853.666666667,2028411.1170434197
Smp,GBTFate2Tlong,Fate2,96,200908,0,1,Serine_13C-1 15N-0,Serine,277.101786,0.13415847268125652,0.011085476461886984,4382336,1547306.6149415893
Smp,GBTFate2Tlong,Fate2,96,200908,0,1,Threonine_13C-1 15N-0,Threonine,291.117436,0.1223314554285198,0.0017874655625162157,5109620,548304.7402676727
Smp,GBTFate2Tlong,Fate2,96,200908,0,1,Valine_13C-1 15N-0,Valine,289.138171,0.13146429051116196,6.799100558557399e-4,8223419.333333333,3655682.4312503315
Smp,GBTFate2Tlong,Fate2,96,200908,0,2,Alanine_13C-2 15N-0,Alanine,262.110225,0.010150374729280109,0.001945847134116852,757206.3333333334,411948.49427608465
Smp,GBTFate2Tlong,Fate2,96,200908,0,2,Aspartic Acid_13C-2 15N-0,Aspartic Acid,306.100055,0.0026406889549990173,0.003023665137176707,28400,33551.721878317956
Smp,GBTFate2Tlong,Fate2,96,200908,0,2,Glutamic Acid_13C-2 15N-0,Glutamic Acid,320.115705,0.0077016644884198735,0.0017125936558316508,130151.33333333333,7212.204193818512
Smp,GBTFate2Tlong,Fate2,96,200908,0,2,Glycine_13C-2 15N-0,Glycine,248.094575,0.0076843412288712136,0.003670076297418272,780982.5,482874.0284841379
Smp,GBTFate2Tlong,Fate2,96,200908,0,2,Isoleucine_13C-2 15N-0,Isoleucine,304.157175,0.016612904923662034,0.0014125798900629107,869544.6666666666,456736.80869219784
Smp,GBTFate2Tlong,Fate2,96,200908,0,2,Leucine_13C-2 15N-0,Leucine,304.157175,0.017252076107670836,6.06714331116058e-4,1500757.3333333333,709182.7309095543
Smp,GBTFate2Tlong,Fate2,96,200908,0,2,Phenylalaine_13C-2 15N-0,Phenylalaine,338.141525,0.02058573477560595,8.665611890516737e-4,1451658.5,2561.847868238862
Smp,GBTFate2Tlong,Fate2,96,200908,0,2,Proline_13C-2 15N-0,Proline,288.125875,0.01340391363990367,0.002629998608435996,406721.3333333333,148122.30753783623
Smp,GBTFate2Tlong,Fate2,96,200908,0,2,Threonine_13C-2 15N-0,Threonine,NA,0.010451616651115356,0.0016808745858940878,432658.5,17040.56631981461
Smp,GBTFate2Tlong,Fate2,96,200908,0,2,Valine_13C-2 15N-0,Valine,290.141525,0.016638478800026325,0.0010842956218920642,1019795.6666666666,409601.25995696516
Smp,GBTFate2Tlong,Fate2,96,200908,0,3,Alanine_13C-3 15N-0,Alanine,263.113579,0.0014454450462075142,8.015758674916823e-4,117571.66666666667,88187.95204750665
Smp,GBTFate2Tlong,Fate2,96,200908,0,3,Isoleucine_13C-3 15N-0,Isoleucine,305.160529,7.288613655340336e-4,1.1441109016956608e-4,37057.333333333336,19045.818578715207
Smp,GBTFate2Tlong,Fate2,96,200908,0,3,Leucine_13C-3 15N-0,Leucine,305.160529,9.810899081404696e-4,3.7101637753086784e-4,96190.66666666667,65165.56275620838
Smp,GBTFate2Tlong,Fate2,96,200908,0,3,Phenylalaine_13C-3 15N-0,Phenylalaine,339.144879,0.004761623949238972,3.2531639940605416e-4,335601,9405.934403343455
Smp,GBTFate2Tlong,Fate2,96,200908,0,3,Valine_13C-3 15N-0,Valine,291.144879,0.002069498084744002,7.80880553693607e-4,143691.66666666666,93515.85668929806
Smp,GBTFate2Tlong,Fate2,96,200908,1,0,Alanine_13C-0 15N-1,Alanine,261.100553,0.02481431315299376,0.004276421975247709,1681470.3333333333,558060.1798268117
Smp,GBTFate2Tlong,Fate2,96,200908,1,0,Arginine_13C-0 15N-1,Arginine,NA,0.009609864803056228,0.0024367295131943432,33008.5,18945.511988331167
Smp,GBTFate2Tlong,Fate2,96,200908,1,0,Aspartic Acid_13C-0 15N-1,Aspartic Acid,305.090383,0.02874440741034274,0.003093843613837178,324391,51185.988053372574
Smp,GBTFate2Tlong,Fate2,96,200908,1,0,Glutamic Acid_13C-0 15N-1,Glutamic Acid,319.10603299999997,0.040320368055025445,0.006435920381966561,694740.3333333334,127384.1133592935
Smp,GBTFate2Tlong,Fate2,96,200908,1,0,Glycine_13C-0 15N-1,Glycine,247.084903,0.014111934641743323,0.0013161209751676023,1390470.5,356441.9217944208
Smp,GBTFate2Tlong,Fate2,96,200908,1,0,Isoleucine_13C-0 15N-1,Isoleucine,303.147503,0.03376265208885654,0.0025019754323839243,1684025.3333333333,741682.8087898042
Smp,GBTFate2Tlong,Fate2,96,200908,1,0,Leucine_13C-0 15N-1,Leucine,303.147503,0.03427431587357042,0.004255003336275419,2920489.6666666665,1314659.369497032
Smp,GBTFate2Tlong,Fate2,96,200908,1,0,Lysine_13C-0 15N-1,Lysine,245.10533600000002,0.0022172252048155445,0.0010109633298331182,93306,27749.529131140225
Smp,GBTFate2Tlong,Fate2,96,200908,1,0,Phenylalaine_13C-0 15N-1,Phenylalaine,337.131853,0.06190673828099115,0.003525545635131304,4364211.5,72605.01718545351
Smp,GBTFate2Tlong,Fate2,96,200908,1,0,Proline_13C-0 15N-1,Proline,287.116203,0.022080104525468,0.0026153332384111056,685903.6666666666,275577.61884509656
Smp,GBTFate2Tlong,Fate2,96,200908,1,0,Threonine_13C-0 15N-1,Threonine,291.111118,0.02448352990701321,1.4155342431242194e-4,1023915.5,130611.81487331075
Smp,GBTFate2Tlong,Fate2,96,200908,1,0,Valine_13C-0 15N-1,Valine,289.131853,0.035163019883994645,0.0045377448277063364,2124113,804733.9087232499
Smp,GBTFate2Tlong,Fate2,96,200908,1,1,Alanine_13C-1 15N-1,Alanine,262.103907,0.0010695671326668588,3.4066055717470986e-4,81241,50297.57763550845
Smp,GBTFate2Tlong,Fate2,96,200908,1,1,Aspartic Acid_13C-1 15N-1,Aspartic Acid,306.093737,0.0012295954790187147,0.0010766154230457013,12849.333333333334,11150.15920663617
Smp,GBTFate2Tlong,Fate2,96,200908,1,1,Glutamic Acid_13C-1 15N-1,Glutamic Acid,NA,0.0032976033655484427,9.326993861056698e-4,55304,4435.1775612708
Smp,GBTFate2Tlong,Fate2,96,200908,1,1,Glycine_13C-1 15N-1,Glycine,248.088257,7.014358429998065e-4,4.0967076615932034e-4,71891.5,51377.67161423335
Smp,GBTFate2Tlong,Fate2,96,200908,1,1,Isoleucine_13C-1 15N-1,Isoleucine,304.150857,0.004010536452316178,9.395646037433475e-4,189305,63808.66195901619
Smp,GBTFate2Tlong,Fate2,96,200908,1,1,Leucine_13C-1 15N-1,Leucine,304.150857,0.002237854562133875,0.0019489153386763544,250967.33333333334,218544.5433437617
Smp,GBTFate2Tlong,Fate2,96,200908,1,1,Phenylalaine_13C-1 15N-1,Phenylalaine,338.135207,0.0063862275656800215,0.00076102650634789595,449641.5,35532.8228614052
Smp,GBTFate2Tlong,Fate2,96,200908,1,1,Proline_13C-1 15N-1,Proline,288.119557,0.0038406527986816884,0.0012625518672217052,111134,29646.281166446493
Smp,GBTFate2Tlong,Fate2,96,200908,1,1,Serine_13C-1 15N-1,Serine,NA,7.45034934888785e-4,0.0010536385093614755,28734,40636.01250122851
Smp,GBTFate2Tlong,Fate2,96,200908,1,1,Threonine_13C-1 15N-1,Threonine,292.114472,0.0017530632253545785,0.0018000539723356276,68704.5,66324.4947549546
Smp,GBTFate2Tlong,Fate2,96,200908,1,1,Valine_13C-1 15N-1,Valine,290.135207,0.0040228444430742,5.559160254757693e-4,241855.66666666666,88510.26016419414
Smp,GBTFate2Tlong,Fate2,96,200908,1,2,Alanine_13C-2 15N-1,Alanine,NA,2.055441042679544e-4,7.505093518427977e-5,15677.333333333334,10198.98741705927
Smp,GBTFate2Tlong,Fate2,96,200908,1,2,Glycine_13C-2 15N-1,Glycine,249.091611,0.02233999207414808,0.0018652553663244787,2199432.5,542928.6074103113
Smp,GBTFate2Tlong,Fate2,96,200908,1,2,Isoleucine_13C-2 15N-1,Isoleucine,305.154211,2.782861722480218e-4,7.901642785121056e-5,14138,8417.549584053544
Smp,GBTFate2Tlong,Fate2,96,200908,1,2,Phenylalaine_13C-2 15N-1,Phenylalaine,339.138561,0.001492393908924406,1.894143512394659e-4,105060,9120.26326374409
Smp,GBTFate2Tlong,Fate2,96,200908,1,3,Phenylalaine_13C-3 15N-1,Phenylalaine,NA,2.3701489764504566e-4,1.0956748356605829e-4,16572,7058.339889804118
