type,SampID,Experiment,Timepoint,ionization,runDate,N.lab,C.lab,Precursor Ion Name,Protein Name,Fraction1,iso.mz,MID.mean,MID.sd,Area.filled.w.background.mean,Area.filled.w.background.sd
Smp,GBTFate1MT0,Fate1,0,pos,200612,0,0,Butyrylcarnitine_13C-0 15N-0,Butyrylcarnitine,CyanoAq,232.154884,0.9439566445708149,0.00475843899576392,212676,48759.69639979314
Smp,GBTFate1MT0,Fate1,0,pos,200612,0,0,L-Phenylalanine_13C-0 15N-0,L-Phenylalanine,CyanoAq,166.086804,0.9262177789315068,0.0032231032272491637,8187245.666666667,1573794.8069720948
Smp,GBTFate1MT0,Fate1,0,pos,200612,0,0,L-Tryptophan_13C-0 15N-0,L-Tryptophan,CyanoAq,205.097703,0.8644650159041991,0.08490124863855598,812130.3333333334,522724.062781056
Smp,GBTFate1MT0,Fate1,0,pos,200612,0,0,Methylthioadenosine_13C-0 15N-0,Methylthioadenosine,CyanoAq,298.097387,0.8814641256147091,0.03448568882708713,240489,138424.77756167788
Smp,GBTFate1MT0,Fate1,0,pos,200612,0,0,Xanthine_13C-0 15N-0,Xanthine,CyanoAq,153.041251,1,0,1731014.6666666667,234406.30152863497
Smp,GBTFate1MT0,Fate1,0,pos,200612,0,1,Butyrylcarnitine_13C-1 15N-0,Butyrylcarnitine,CyanoAq,233.158238,0.056043355429185114,0.0047584389957638674,12541.333333333334,2388.5644921863286
Smp,GBTFate1MT0,Fate1,0,pos,200612,0,1,L-Phenylalanine_13C-1 15N-0,L-Phenylalanine,CyanoAq,167.090158,0.07103321310638955,0.002969019633048659,631242.6666666666,143700.36368198006
Smp,GBTFate1MT0,Fate1,0,pos,200612,0,1,L-Tryptophan_13C-1 15N-0,L-Tryptophan,CyanoAq,206.101057,0.09927334276558716,0.023849926725727312,81175,39984.901487936666
Smp,GBTFate1MT0,Fate1,0,pos,200612,0,1,Methylthioadenosine_13C-1 15N-0,Methylthioadenosine,CyanoAq,299.100741,0.0764287388665574,0.03846003745892032,24168,18817.884657952392
Smp,GBTFate1MT0,Fate1,0,pos,200612,0,2,L-Phenylalanine_13C-2 15N-0,L-Phenylalanine,CyanoAq,168.093512,0.001312165705255906,2.8619205595122466e-4,11481.666666666666,2960.4981562793337
Smp,GBTFate1MT0,Fate1,0,pos,200612,0,2,L-Tryptophan_13C-2 15N-0,L-Tryptophan,CyanoAq,207.104411,0,0,0,0
Smp,GBTFate1MT0,Fate1,0,pos,200612,1,0,L-Phenylalanine_13C-0 15N-1,L-Phenylalanine,CyanoAq,167.08384,0.0014368422568476935,8.451118542001058e-4,13430,9724.605441867552
Smp,GBTFate1MT0,Fate1,0,pos,200612,1,0,L-Tryptophan_13C-0 15N-1,L-Tryptophan,CyanoAq,206.094739,6.748267936065069e-4,0.0011688342928352663,882.3333333333334,1528.2461625449394
Smp,GBTFate1MT0,Fate1,0,pos,200612,1,3,L-Tryptophan_13C-3 15N-1,L-Tryptophan,CyanoAq,209.104801,0.03558681453660726,0.06163817085693446,10043.666666666666,17396.140960952613
Smp,GBTFate1MT0,Fate1,0,pos,200612,1,5,Methylthioadenosine_13C-5 15N-1,Methylthioadenosine,CyanoAq,304.111193,0.04210713551873354,0.07293169807963458,4576.666666666667,7927.019195973562
Smp,GBTFate1MT12,Fate1,12,pos,200612,0,0,Butyrylcarnitine_13C-0 15N-0,Butyrylcarnitine,CyanoAq,232.154884,0.9352552131036879,0.017162122786225486,203732,105675.22216205651
Smp,GBTFate1MT12,Fate1,12,pos,200612,0,0,L-Phenylalanine_13C-0 15N-0,L-Phenylalanine,CyanoAq,166.086804,0.9186234139442369,0.019146502803024126,10156141,3997994.4141216604
Smp,GBTFate1MT12,Fate1,12,pos,200612,0,0,L-Tryptophan_13C-0 15N-0,L-Tryptophan,CyanoAq,205.097703,0.914733519310896,0.01401555475152166,1160880,151254.67441371855
Smp,GBTFate1MT12,Fate1,12,pos,200612,0,0,Methylthioadenosine_13C-0 15N-0,Methylthioadenosine,CyanoAq,298.097387,0.891888671268551,0.014474200267344112,333587.6666666667,50650.6093184804
Smp,GBTFate1MT12,Fate1,12,pos,200612,0,0,Xanthine_13C-0 15N-0,Xanthine,CyanoAq,153.041251,1,0,1661739.3333333333,330603.30027441244
Smp,GBTFate1MT12,Fate1,12,pos,200612,0,1,Butyrylcarnitine_13C-1 15N-0,Butyrylcarnitine,CyanoAq,233.158238,0.06474478689631213,0.01716212278622549,15230.666666666666,10883.877495329196
Smp,GBTFate1MT12,Fate1,12,pos,200612,0,1,L-Phenylalanine_13C-1 15N-0,L-Phenylalanine,CyanoAq,167.090158,0.07575587862923724,0.01596420479723914,891580.6666666666,565789.357165132
Smp,GBTFate1MT12,Fate1,12,pos,200612,0,1,L-Tryptophan_13C-1 15N-0,L-Tryptophan,CyanoAq,206.101057,0.07939199516466151,0.00861087226370167,99985.33333333333,7191.482276508324
Smp,GBTFate1MT12,Fate1,12,pos,200612,0,1,Methylthioadenosine_13C-1 15N-0,Methylthioadenosine,CyanoAq,299.100741,0.10261886392967537,0.011084766869342446,38642,9378.687967940932
Smp,GBTFate1MT12,Fate1,12,pos,200612,0,2,L-Phenylalanine_13C-2 15N-0,L-Phenylalanine,CyanoAq,168.093512,0.004103679915604532,0.002807115833959237,53888,57137.50063662218
Smp,GBTFate1MT12,Fate1,12,pos,200612,0,2,L-Tryptophan_13C-2 15N-0,L-Tryptophan,CyanoAq,207.104411,0.0018476611498696872,0.0016927746815128919,2173,1956.5804353514322
Smp,GBTFate1MT12,Fate1,12,pos,200612,1,0,L-Phenylalanine_13C-0 15N-1,L-Phenylalanine,CyanoAq,167.08384,0.001517027510921329,8.169779049954232e-4,18005,14802.523332189008
Smp,GBTFate1MT12,Fate1,12,pos,200612,1,0,L-Tryptophan_13C-0 15N-1,L-Tryptophan,CyanoAq,206.094739,5.495812404647888e-4,9.519026313717427e-4,788.6666666666666,1366.0107369026546
Smp,GBTFate1MT12,Fate1,12,pos,200612,1,3,L-Tryptophan_13C-3 15N-1,L-Tryptophan,CyanoAq,209.104801,0.0034772431341080754,0.006022761778545226,4268.333333333333,7392.970196973158
Smp,GBTFate1MT12,Fate1,12,pos,200612,1,5,Methylthioadenosine_13C-5 15N-1,Methylthioadenosine,CyanoAq,304.111193,0.005492464801773646,0.009513228095455677,1769.6666666666667,3065.152579127723
Smp,GBTFate1MT36,Fate1,36,pos,200612,0,0,Butyrylcarnitine_13C-0 15N-0,Butyrylcarnitine,CyanoAq,232.154884,0.9485047154382839,0.012344278129291007,299234,85254.3747792452
Smp,GBTFate1MT36,Fate1,36,pos,200612,0,0,L-Phenylalanine_13C-0 15N-0,L-Phenylalanine,CyanoAq,166.086804,0.9103730460792441,0.0039024532872531086,22912239,5983735.467905646
Smp,GBTFate1MT36,Fate1,36,pos,200612,0,0,L-Tryptophan_13C-0 15N-0,L-Tryptophan,CyanoAq,205.097703,0.9093215329619784,0.010560845563541555,2951199.6666666665,736882.935765467
Smp,GBTFate1MT36,Fate1,36,pos,200612,0,0,Methylthioadenosine_13C-0 15N-0,Methylthioadenosine,CyanoAq,298.097387,0.8922371217512688,0.006432526759424764,980161.3333333334,315341.6102329874
Smp,GBTFate1MT36,Fate1,36,pos,200612,0,0,Xanthine_13C-0 15N-0,Xanthine,CyanoAq,153.041251,1,0,1694686.6666666667,969074.4754131817
Smp,GBTFate1MT36,Fate1,36,pos,200612,0,1,Butyrylcarnitine_13C-1 15N-0,Butyrylcarnitine,CyanoAq,233.158238,0.05149528456171621,0.01234427812929101,17059,8514.153862833347
Smp,GBTFate1MT36,Fate1,36,pos,200612,0,1,L-Phenylalanine_13C-1 15N-0,L-Phenylalanine,CyanoAq,167.090158,0.08413745442577565,0.004308731433785598,2134279,639723.300373685
Smp,GBTFate1MT36,Fate1,36,pos,200612,0,1,L-Tryptophan_13C-1 15N-0,L-Tryptophan,CyanoAq,206.101057,0.08235596427160173,0.0029998447091739463,268652.6666666667,73469.69689153027
Smp,GBTFate1MT36,Fate1,36,pos,200612,0,1,Methylthioadenosine_13C-1 15N-0,Methylthioadenosine,CyanoAq,299.100741,0.10776287824873122,0.006432526759424772,118337,39957.272029006184
Smp,GBTFate1MT36,Fate1,36,pos,200612,0,2,L-Phenylalanine_13C-2 15N-0,L-Phenylalanine,CyanoAq,168.093512,0.0034231088300302817,2.949756075609828e-4,84906.66666666667,15496.29995622611
Smp,GBTFate1MT36,Fate1,36,pos,200612,0,2,L-Tryptophan_13C-2 15N-0,L-Tryptophan,CyanoAq,207.104411,0.002844697344067777,0.00102501132802046,9799.333333333334,5539.9532789847
Smp,GBTFate1MT36,Fate1,36,pos,200612,1,0,L-Phenylalanine_13C-0 15N-1,L-Phenylalanine,CyanoAq,167.08384,0.0020663906649499414,1.8013453978901102e-4,51769,13469.436773673946
Smp,GBTFate1MT36,Fate1,36,pos,200612,1,0,L-Tryptophan_13C-0 15N-1,L-Tryptophan,CyanoAq,206.094739,0.0026698155113168585,0.0027106371320808086,9442.333333333334,8968.635143283136
Smp,GBTFate1MT36,Fate1,36,pos,200612,1,3,L-Tryptophan_13C-3 15N-1,L-Tryptophan,CyanoAq,209.104801,0.0028079899110352757,0.004863581193053909,9247,16016.273817589408
Smp,GBTFate1MT36,Fate1,36,pos,200612,1,5,Methylthioadenosine_13C-5 15N-1,Methylthioadenosine,CyanoAq,304.111193,0,0,0,0
Smp,GBTFate1MT4,Fate1,4,pos,200612,0,0,Butyrylcarnitine_13C-0 15N-0,Butyrylcarnitine,CyanoAq,232.154884,0.9564430485422876,0.03774621113559217,196306,30060.122355040407
Smp,GBTFate1MT4,Fate1,4,pos,200612,0,0,L-Phenylalanine_13C-0 15N-0,L-Phenylalanine,CyanoAq,166.086804,0.9166208122944137,0.010138497416489456,7695216.666666667,3798156.1171142417
Smp,GBTFate1MT4,Fate1,4,pos,200612,0,0,L-Tryptophan_13C-0 15N-0,L-Tryptophan,CyanoAq,205.097703,0.8981388049556178,0.00975167484717583,911632.3333333334,435747.3790011058
Smp,GBTFate1MT4,Fate1,4,pos,200612,0,0,Methylthioadenosine_13C-0 15N-0,Methylthioadenosine,CyanoAq,298.097387,0.908471152043447,0.018029665154608847,275315,155087.1061403881
Smp,GBTFate1MT4,Fate1,4,pos,200612,0,0,Xanthine_13C-0 15N-0,Xanthine,CyanoAq,153.041251,1,0,1304579,644461.9447096934
Smp,GBTFate1MT4,Fate1,4,pos,200612,0,1,Butyrylcarnitine_13C-1 15N-0,Butyrylcarnitine,CyanoAq,233.158238,0.04355695145771239,0.03774621113559217,9783,8640.314635474799
Smp,GBTFate1MT4,Fate1,4,pos,200612,0,1,L-Phenylalanine_13C-1 15N-0,L-Phenylalanine,CyanoAq,167.090158,0.07774017695697436,0.009459943742830912,672466.6666666666,407350.2657386311
Smp,GBTFate1MT4,Fate1,4,pos,200612,0,1,L-Tryptophan_13C-1 15N-0,L-Tryptophan,CyanoAq,206.101057,0.10028335685001599,0.011913545951599514,98087,34674.99714491697
Smp,GBTFate1MT4,Fate1,4,pos,200612,0,1,Methylthioadenosine_13C-1 15N-0,Methylthioadenosine,CyanoAq,299.100741,0.09152884795655307,0.018029665154608795,27472.666666666668,14995.893615698044
Smp,GBTFate1MT4,Fate1,4,pos,200612,0,2,L-Phenylalanine_13C-2 15N-0,L-Phenylalanine,CyanoAq,168.093512,0.00433957860993514,9.976522856301132e-4,36236.333333333336,19222.739979860657
Smp,GBTFate1MT4,Fate1,4,pos,200612,0,2,L-Tryptophan_13C-2 15N-0,L-Tryptophan,CyanoAq,207.104411,5.218706262769261e-4,9.039064396894255e-4,811,1404.6932049383595
Smp,GBTFate1MT4,Fate1,4,pos,200612,1,0,L-Phenylalanine_13C-0 15N-1,L-Phenylalanine,CyanoAq,167.08384,0.001299432138676799,0.0011425993525970965,13330,14320.452192581071
Smp,GBTFate1MT4,Fate1,4,pos,200612,1,0,L-Tryptophan_13C-0 15N-1,L-Tryptophan,CyanoAq,206.094739,0.0010559675680893164,0.0018289894790756438,1641,2842.2953752205276
Smp,GBTFate1MT4,Fate1,4,pos,200612,1,3,L-Tryptophan_13C-3 15N-1,L-Tryptophan,CyanoAq,209.104801,0,0,0,0
Smp,GBTFate1MT4,Fate1,4,pos,200612,1,5,Methylthioadenosine_13C-5 15N-1,Methylthioadenosine,CyanoAq,304.111193,0,0,0,0
Smp,GBTFate1MT50,Fate1,50,pos,200612,0,0,Butyrylcarnitine_13C-0 15N-0,Butyrylcarnitine,CyanoAq,232.154884,0.9461079234285887,0.010210114720543284,324431.6666666667,65447.25429178319
Smp,GBTFate1MT50,Fate1,50,pos,200612,0,0,L-Phenylalanine_13C-0 15N-0,L-Phenylalanine,CyanoAq,166.086804,0.9133123682668907,0.004945404959780387,15508557,4267458.432551628
Smp,GBTFate1MT50,Fate1,50,pos,200612,0,0,L-Tryptophan_13C-0 15N-0,L-Tryptophan,CyanoAq,205.097703,0.9122810245420101,0.005074548837623223,2033199.3333333333,602933.5155888527
Smp,GBTFate1MT50,Fate1,50,pos,200612,0,0,Methylthioadenosine_13C-0 15N-0,Methylthioadenosine,CyanoAq,298.097387,0.8922599507006741,0.0060307065964766236,487212.6666666667,72799.84024936684
Smp,GBTFate1MT50,Fate1,50,pos,200612,0,0,Xanthine_13C-0 15N-0,Xanthine,CyanoAq,153.041251,1,0,2024733,320999.42249636527
Smp,GBTFate1MT50,Fate1,50,pos,200612,0,1,Butyrylcarnitine_13C-1 15N-0,Butyrylcarnitine,CyanoAq,233.158238,0.05389207657141132,0.010210114720543277,18036.333333333332,1493.05804754314
Smp,GBTFate1MT50,Fate1,50,pos,200612,0,1,L-Phenylalanine_13C-1 15N-0,L-Phenylalanine,CyanoAq,167.090158,0.08071169788224498,0.003191229374323465,1381145,433509.66458546225
Smp,GBTFate1MT50,Fate1,50,pos,200612,0,1,L-Tryptophan_13C-1 15N-0,L-Tryptophan,CyanoAq,206.101057,0.08240200458341539,0.003436052467965737,183718.66666666666,54192.09937189492
Smp,GBTFate1MT50,Fate1,50,pos,200612,0,1,Methylthioadenosine_13C-1 15N-0,Methylthioadenosine,CyanoAq,299.100741,0.10774004929932586,0.006030706596476644,58821.666666666664,9508.876186665453
Smp,GBTFate1MT50,Fate1,50,pos,200612,0,2,L-Phenylalanine_13C-2 15N-0,L-Phenylalanine,CyanoAq,168.093512,0.003775448991397536,0.0013411364108949018,67740.33333333333,37247.24421126123
Smp,GBTFate1MT50,Fate1,50,pos,200612,0,2,L-Tryptophan_13C-2 15N-0,L-Tryptophan,CyanoAq,207.104411,0.0020063394303006577,8.035474899004491e-4,4178.666666666667,1180.7143318065268
Smp,GBTFate1MT50,Fate1,50,pos,200612,1,0,L-Phenylalanine_13C-0 15N-1,L-Phenylalanine,CyanoAq,167.08384,0.0022004848594668718,4.594811958146896e-4,38397,15886.035754712375
Smp,GBTFate1MT50,Fate1,50,pos,200612,1,0,L-Tryptophan_13C-0 15N-1,L-Tryptophan,CyanoAq,206.094739,0.0018199618590330933,0.0031522664076828245,5412.666666666667,9375.013671101144
Smp,GBTFate1MT50,Fate1,50,pos,200612,1,3,L-Tryptophan_13C-3 15N-1,L-Tryptophan,CyanoAq,209.104801,0.001490669585240802,0.0025819154589346947,4433.333333333333,7678.758580222023
Smp,GBTFate1MT50,Fate1,50,pos,200612,1,5,Methylthioadenosine_13C-5 15N-1,Methylthioadenosine,CyanoAq,304.111193,0,0,0,0
Smp,GBTFate1MT8,Fate1,8,pos,200612,0,0,Butyrylcarnitine_13C-0 15N-0,Butyrylcarnitine,CyanoAq,232.154884,0.9556216440355775,0.024562656070785876,203920.33333333334,92094.19031802892
Smp,GBTFate1MT8,Fate1,8,pos,200612,0,0,L-Phenylalanine_13C-0 15N-0,L-Phenylalanine,CyanoAq,166.086804,0.9137545524078486,0.005361790866468788,13955877,5222485.480827687
Smp,GBTFate1MT8,Fate1,8,pos,200612,0,0,L-Tryptophan_13C-0 15N-0,L-Tryptophan,CyanoAq,205.097703,0.9198020960542712,0.0066199785752057705,1656095.6666666667,631312.055497385
Smp,GBTFate1MT8,Fate1,8,pos,200612,0,0,Methylthioadenosine_13C-0 15N-0,Methylthioadenosine,CyanoAq,298.097387,0.8905575969364778,0.011042092730953305,225050.33333333334,87930.549101739
Smp,GBTFate1MT8,Fate1,8,pos,200612,0,0,Xanthine_13C-0 15N-0,Xanthine,CyanoAq,153.041251,1,0,1025110.6666666666,575900.4467478154
Smp,GBTFate1MT8,Fate1,8,pos,200612,0,1,Butyrylcarnitine_13C-1 15N-0,Butyrylcarnitine,CyanoAq,233.158238,0.0443783559644225,0.02456265607078587,10293.333333333334,6940.070196571021
Smp,GBTFate1MT8,Fate1,8,pos,200612,0,1,L-Phenylalanine_13C-1 15N-0,L-Phenylalanine,CyanoAq,167.090158,0.08161969856945746,0.004919068164310247,1267001.6666666667,533258.1853664633
Smp,GBTFate1MT8,Fate1,8,pos,200612,0,1,L-Tryptophan_13C-1 15N-0,L-Tryptophan,CyanoAq,206.101057,0.07600713349186619,0.004371041161303461,135140.33333333334,47247.3587127718
Smp,GBTFate1MT8,Fate1,8,pos,200612,0,1,Methylthioadenosine_13C-1 15N-0,Methylthioadenosine,CyanoAq,299.100741,0.08196385269771878,0.02051544842935115,21967.666666666668,13866.00700754667
Smp,GBTFate1MT8,Fate1,8,pos,200612,0,2,L-Phenylalanine_13C-2 15N-0,L-Phenylalanine,CyanoAq,168.093512,0.003179712111206132,3.517100861062752e-4,49642,22936.515406661056
Smp,GBTFate1MT8,Fate1,8,pos,200612,0,2,L-Tryptophan_13C-2 15N-0,L-Tryptophan,CyanoAq,207.104411,6.690391129675475e-4,6.043177542281048e-4,1466.3333333333333,1321.9895360150674
Smp,GBTFate1MT8,Fate1,8,pos,200612,1,0,L-Phenylalanine_13C-0 15N-1,L-Phenylalanine,CyanoAq,167.08384,0.0014460369114877671,3.469405444435878e-4,22804.666666666668,11023.107653168108
Smp,GBTFate1MT8,Fate1,8,pos,200612,1,0,L-Tryptophan_13C-0 15N-1,L-Tryptophan,CyanoAq,206.094739,0.0013564851913356378,0.001537701479739198,1785.6666666666667,1593.0349441658
Smp,GBTFate1MT8,Fate1,8,pos,200612,1,3,L-Tryptophan_13C-3 15N-1,L-Tryptophan,CyanoAq,209.104801,0.0021652461495593905,0.0037503163419297446,4768.666666666667,8259.572951026787
Smp,GBTFate1MT8,Fate1,8,pos,200612,1,5,Methylthioadenosine_13C-5 15N-1,Methylthioadenosine,CyanoAq,304.111193,0.027478550365803323,0.029610237058963693,5232.333333333333,5343.255218809348
Smp,GBTFate1MTlong,Fate1,96,pos,200612,0,0,Butyrylcarnitine_13C-0 15N-0,Butyrylcarnitine,CyanoAq,232.154884,0.9245840636978374,0.006076950704000345,1511201.3333333333,228364.6283519699
Smp,GBTFate1MTlong,Fate1,96,pos,200612,0,0,L-Phenylalanine_13C-0 15N-0,L-Phenylalanine,CyanoAq,166.086804,0.9068094145873843,0.00560729991556032,21495941.666666668,4197894.2628348
Smp,GBTFate1MTlong,Fate1,96,pos,200612,0,0,L-Tryptophan_13C-0 15N-0,L-Tryptophan,CyanoAq,205.097703,0.9103425359924587,0.0015163969308223688,3490592,716724.6197892186
Smp,GBTFate1MTlong,Fate1,96,pos,200612,0,0,Methylthioadenosine_13C-0 15N-0,Methylthioadenosine,CyanoAq,298.097387,0.8910295215623952,0.005279714564199458,836431.6666666666,220938.0928955741
Smp,GBTFate1MTlong,Fate1,96,pos,200612,0,0,Xanthine_13C-0 15N-0,Xanthine,CyanoAq,153.041251,1,0,946212,1053281.2276400828
Smp,GBTFate1MTlong,Fate1,96,pos,200612,0,1,Butyrylcarnitine_13C-1 15N-0,Butyrylcarnitine,CyanoAq,233.158238,0.07541593630216263,0.006076950704000312,123019.66666666667,18392.892114437396
Smp,GBTFate1MTlong,Fate1,96,pos,200612,0,1,L-Phenylalanine_13C-1 15N-0,L-Phenylalanine,CyanoAq,167.090158,0.08559379392357042,0.004574528374029782,2018112.3333333333,333221.92858413944
Smp,GBTFate1MTlong,Fate1,96,pos,200612,0,1,L-Tryptophan_13C-1 15N-0,L-Tryptophan,CyanoAq,206.101057,0.08402993116481512,0.0017654714806298187,321223.6666666667,59637.34095626107
Smp,GBTFate1MTlong,Fate1,96,pos,200612,0,1,Methylthioadenosine_13C-1 15N-0,Methylthioadenosine,CyanoAq,299.100741,0.10748881961430722,0.002838841556820357,100559,25138.304556990315
Smp,GBTFate1MTlong,Fate1,96,pos,200612,0,2,L-Phenylalanine_13C-2 15N-0,L-Phenylalanine,CyanoAq,168.093512,0.004735286319263775,0.001048081494265124,113372,40202.69185017342
Smp,GBTFate1MTlong,Fate1,96,pos,200612,0,2,L-Tryptophan_13C-2 15N-0,L-Tryptophan,CyanoAq,207.104411,0.0025235251526502063,6.678503384901046e-4,9341,1066.0802033618297
Smp,GBTFate1MTlong,Fate1,96,pos,200612,1,0,L-Phenylalanine_13C-0 15N-1,L-Phenylalanine,CyanoAq,167.08384,0.002861505169781482,6.453147061607743e-4,67792.33333333333,21680.86797924228
Smp,GBTFate1MTlong,Fate1,96,pos,200612,1,0,L-Tryptophan_13C-0 15N-1,L-Tryptophan,CyanoAq,206.094739,0.0031040076900759753,0.0015231084115410172,12513,8154.527024910764
Smp,GBTFate1MTlong,Fate1,96,pos,200612,1,3,L-Tryptophan_13C-3 15N-1,L-Tryptophan,CyanoAq,209.104801,0,0,0,0
Smp,GBTFate1MTlong,Fate1,96,pos,200612,1,5,Methylthioadenosine_13C-5 15N-1,Methylthioadenosine,CyanoAq,304.111193,0.0014816588232975225,0.002566308361434026,1027.3333333333333,1779.3935296424268
Smp,GBTFate2MT0,Fate2,0,pos,200612,0,0,Butyrylcarnitine_13C-0 15N-0,Butyrylcarnitine,CyanoAq,232.154884,0.9900032691546654,0.01731484573371048,104340.66666666667,27119.40405564498
Smp,GBTFate2MT0,Fate2,0,pos,200612,0,0,L-Phenylalanine_13C-0 15N-0,L-Phenylalanine,CyanoAq,166.086804,0.9358770963007117,0.0019973368687563175,3617391.3333333335,1301867.5861739293
Smp,GBTFate2MT0,Fate2,0,pos,200612,0,0,L-Tryptophan_13C-0 15N-0,L-Tryptophan,CyanoAq,205.097703,0.8973772284202471,0.006879065237037942,608007.6666666666,101238.7448427396
Smp,GBTFate2MT0,Fate2,0,pos,200612,0,0,Methylthioadenosine_13C-0 15N-0,Methylthioadenosine,CyanoAq,298.097387,0.9152105530863592,0.006875608597539642,383449,69447.93055952064
Smp,GBTFate2MT0,Fate2,0,pos,200612,0,0,Xanthine_13C-0 15N-0,Xanthine,CyanoAq,153.041251,0.9921815180674263,5.448255508170633e-4,15500134.666666666,1567383.530097319
Smp,GBTFate2MT0,Fate2,0,pos,200612,0,1,Butyrylcarnitine_13C-1 15N-0,Butyrylcarnitine,CyanoAq,233.158238,0.009996730845334572,0.017314845733710452,968.3333333333334,1677.202531995863
Smp,GBTFate2MT0,Fate2,0,pos,200612,0,1,L-Phenylalanine_13C-1 15N-0,L-Phenylalanine,CyanoAq,167.090158,0.06114192291336852,0.002407551447389561,235966.33333333334,86017.4668386214
Smp,GBTFate2MT0,Fate2,0,pos,200612,0,1,L-Tryptophan_13C-1 15N-0,L-Tryptophan,CyanoAq,206.101057,0.10031893238439779,0.009706997760976638,67966.33333333333,12555.066082396115
Smp,GBTFate2MT0,Fate2,0,pos,200612,0,1,Methylthioadenosine_13C-1 15N-0,Methylthioadenosine,CyanoAq,299.100741,0.08478944691364079,0.006875608597539668,35374.666666666664,6079.9276585608595
Smp,GBTFate2MT0,Fate2,0,pos,200612,0,2,L-Phenylalanine_13C-2 15N-0,L-Phenylalanine,CyanoAq,168.093512,0.0020165562925026463,4.2891328308507156e-4,7475.333333333333,1959.0164198733337
Smp,GBTFate2MT0,Fate2,0,pos,200612,0,2,L-Tryptophan_13C-2 15N-0,L-Tryptophan,CyanoAq,207.104411,0,0,0,0
Smp,GBTFate2MT0,Fate2,0,pos,200612,0,4,L-Phenylalanine_13C-4 15N-0,L-Phenylalanine,CyanoAq,170.10022,0,0,0,0
Smp,GBTFate2MT0,Fate2,0,pos,200612,0,5,L-Phenylalanine_13C-5 15N-0,L-Phenylalanine,CyanoAq,171.103574,0,0,0,0
Smp,GBTFate2MT0,Fate2,0,pos,200612,1,0,L-Phenylalanine_13C-0 15N-1,L-Phenylalanine,CyanoAq,167.08384,9.644244934171401e-4,8.534658606588292e-4,4512,4188.037368505682
Smp,GBTFate2MT0,Fate2,0,pos,200612,1,0,L-Tryptophan_13C-0 15N-1,L-Tryptophan,CyanoAq,206.094739,0.002303839195355016,0.003990366538823488,1383.3333333333333,2396.003617136947
Smp,GBTFate2MT0,Fate2,0,pos,200612,1,0,Xanthine_13C-0 15N-1,Xanthine,CyanoAq,154.038287,0.007429454013581625,6.223899836779444e-4,116316.33333333333,18044.211047683224
Smp,GBTFate2MT0,Fate2,0,pos,200612,1,1,L-Phenylalanine_13C-1 15N-1,L-Phenylalanine,CyanoAq,168.087194,0,0,0,0
Smp,GBTFate2MT0,Fate2,0,pos,200612,1,5,Xanthine_13C-5 15N-1,Xanthine,CyanoAq,159.055057,3.890279189920855e-4,6.738161212570815e-4,6407,11097.249524093797
Smp,GBTFate2MT12,Fate2,12,pos,200612,0,0,Butyrylcarnitine_13C-0 15N-0,Butyrylcarnitine,CyanoAq,232.154884,0.9752077885026077,0.023202524049076582,87228,18634.63109374586
Smp,GBTFate2MT12,Fate2,12,pos,200612,0,0,L-Phenylalanine_13C-0 15N-0,L-Phenylalanine,CyanoAq,166.086804,0.9003096573102517,0.011502089533535511,5448950,1122069.503784859
Smp,GBTFate2MT12,Fate2,12,pos,200612,0,0,L-Tryptophan_13C-0 15N-0,L-Tryptophan,CyanoAq,205.097703,0.9092769530590726,0.00704954149815472,1211271,144041.96247274612
Smp,GBTFate2MT12,Fate2,12,pos,200612,0,0,Methylthioadenosine_13C-0 15N-0,Methylthioadenosine,CyanoAq,298.097387,0.8879351853749357,0.005905453650426236,543332.3333333334,68139.87825299759
Smp,GBTFate2MT12,Fate2,12,pos,200612,0,0,Xanthine_13C-0 15N-0,Xanthine,CyanoAq,153.041251,0.997727812394837,0.003935544376470652,4359213,5493498.7069091955
Smp,GBTFate2MT12,Fate2,12,pos,200612,0,1,Butyrylcarnitine_13C-1 15N-0,Butyrylcarnitine,CyanoAq,233.158238,0.024792211497392278,0.02320252404907656,2380,2104.299408354239
Smp,GBTFate2MT12,Fate2,12,pos,200612,0,1,L-Phenylalanine_13C-1 15N-0,L-Phenylalanine,CyanoAq,167.090158,0.0882540032994733,0.011344710102165142,544086.3333333334,182331.37114696784
Smp,GBTFate2MT12,Fate2,12,pos,200612,0,1,L-Tryptophan_13C-1 15N-0,L-Tryptophan,CyanoAq,206.101057,0.08928376063416568,0.004556641040027566,119260.66666666667,18684.719139803343
Smp,GBTFate2MT12,Fate2,12,pos,200612,0,1,Methylthioadenosine_13C-1 15N-0,Methylthioadenosine,CyanoAq,299.100741,0.11206481462506429,0.005905453650426213,68919,12843.664430371886
Smp,GBTFate2MT12,Fate2,12,pos,200612,0,2,L-Phenylalanine_13C-2 15N-0,L-Phenylalanine,CyanoAq,168.093512,0.00734948837260427,0.0024736283918041302,45737.333333333336,23569.92240830108
Smp,GBTFate2MT12,Fate2,12,pos,200612,0,2,L-Tryptophan_13C-2 15N-0,L-Tryptophan,CyanoAq,207.104411,0,0,0,0
Smp,GBTFate2MT12,Fate2,12,pos,200612,0,4,L-Phenylalanine_13C-4 15N-0,L-Phenylalanine,CyanoAq,170.10022,1.702139780484019e-4,2.948192581382456e-4,1067.6666666666667,1849.2529122143715
Smp,GBTFate2MT12,Fate2,12,pos,200612,0,5,L-Phenylalanine_13C-5 15N-0,L-Phenylalanine,CyanoAq,171.103574,0.0015440533977977057,0.002674378934584985,7192,12456.909408035366
Smp,GBTFate2MT12,Fate2,12,pos,200612,1,0,L-Phenylalanine_13C-0 15N-1,L-Phenylalanine,CyanoAq,167.08384,0.002372583641824577,7.661138890618427e-4,14518,5829.8525710347085
Smp,GBTFate2MT12,Fate2,12,pos,200612,1,0,L-Tryptophan_13C-0 15N-1,L-Tryptophan,CyanoAq,206.094739,0.00143928630676168,0.0024929170099493945,2070.6666666666665,3586.4998722059554
Smp,GBTFate2MT12,Fate2,12,pos,200612,1,0,Xanthine_13C-0 15N-1,Xanthine,CyanoAq,154.038287,0.0022721876051630552,0.003935544376470663,24464.666666666668,42374.04565690339
Smp,GBTFate2MT12,Fate2,12,pos,200612,1,1,L-Phenylalanine_13C-1 15N-1,L-Phenylalanine,CyanoAq,168.087194,0,0,0,0
Smp,GBTFate2MT12,Fate2,12,pos,200612,1,5,Xanthine_13C-5 15N-1,Xanthine,CyanoAq,159.055057,0,0,0,0
Smp,GBTFate2MT24,Fate2,24,pos,200612,0,0,Butyrylcarnitine_13C-0 15N-0,Butyrylcarnitine,CyanoAq,232.154884,0.9867325762079071,0.022979852093453094,113368.66666666667,37396.926482444156
Smp,GBTFate2MT24,Fate2,24,pos,200612,0,0,L-Phenylalanine_13C-0 15N-0,L-Phenylalanine,CyanoAq,166.086804,0.8675409116666449,0.039525991124750956,4812299,1246143.9393280377
Smp,GBTFate2MT24,Fate2,24,pos,200612,0,0,L-Tryptophan_13C-0 15N-0,L-Tryptophan,CyanoAq,205.097703,0.9062725308370281,0.009369226046328137,1110415.3333333333,221451.53290581066
Smp,GBTFate2MT24,Fate2,24,pos,200612,0,0,Methylthioadenosine_13C-0 15N-0,Methylthioadenosine,CyanoAq,298.097387,0.8760335240372639,0.01189613749459089,445848,32863.97804587874
Smp,GBTFate2MT24,Fate2,24,pos,200612,0,0,Xanthine_13C-0 15N-0,Xanthine,CyanoAq,153.041251,0.9917847512675505,4.258254846758911e-4,12285103.333333334,2548997.712830934
Smp,GBTFate2MT24,Fate2,24,pos,200612,0,1,Butyrylcarnitine_13C-1 15N-0,Butyrylcarnitine,CyanoAq,233.158238,0.01326742379209294,0.022979852093453112,2120.3333333333335,3672.5250623152097
Smp,GBTFate2MT24,Fate2,24,pos,200612,0,1,L-Phenylalanine_13C-1 15N-0,L-Phenylalanine,CyanoAq,167.090158,0.1067348143713996,0.023306159090183524,584085.6666666666,141958.69682528553
Smp,GBTFate2MT24,Fate2,24,pos,200612,0,1,L-Tryptophan_13C-1 15N-0,L-Tryptophan,CyanoAq,206.101057,0.090360088302717,0.009876965184168338,109160,12177.050012215603
Smp,GBTFate2MT24,Fate2,24,pos,200612,0,1,Methylthioadenosine_13C-1 15N-0,Methylthioadenosine,CyanoAq,299.100741,0.12396647596273615,0.011896137494590899,63490.333333333336,11644.424173540456
Smp,GBTFate2MT24,Fate2,24,pos,200612,0,2,L-Phenylalanine_13C-2 15N-0,L-Phenylalanine,CyanoAq,168.093512,0.019056930236867428,0.010493397182267876,101696,45720.29600735323
Smp,GBTFate2MT24,Fate2,24,pos,200612,0,2,L-Tryptophan_13C-2 15N-0,L-Tryptophan,CyanoAq,207.104411,0.0033673808602549204,0.003571312865235092,4075.6666666666665,4796.30590489528
Smp,GBTFate2MT24,Fate2,24,pos,200612,0,4,L-Phenylalanine_13C-4 15N-0,L-Phenylalanine,CyanoAq,170.10022,0.0018254231866610424,0.00195685385121798,9908.333333333334,9331.373121536473
Smp,GBTFate2MT24,Fate2,24,pos,200612,0,5,L-Phenylalanine_13C-5 15N-0,L-Phenylalanine,CyanoAq,171.103574,0,0,0,0
Smp,GBTFate2MT24,Fate2,24,pos,200612,1,0,L-Phenylalanine_13C-0 15N-1,L-Phenylalanine,CyanoAq,167.08384,0.0032942850142586816,0.001276508585870324,18177.333333333332,7285.0449781269945
Smp,GBTFate2MT24,Fate2,24,pos,200612,1,0,L-Tryptophan_13C-0 15N-1,L-Tryptophan,CyanoAq,206.094739,0,0,0,0
Smp,GBTFate2MT24,Fate2,24,pos,200612,1,0,Xanthine_13C-0 15N-1,Xanthine,CyanoAq,154.038287,0.007478713493911767,9.778140202565987e-4,93281,27701.29585416538
Smp,GBTFate2MT24,Fate2,24,pos,200612,1,1,L-Phenylalanine_13C-1 15N-1,L-Phenylalanine,CyanoAq,168.087194,0.0015476355241683375,0.0026805833594580517,7369,12763.482400975057
Smp,GBTFate2MT24,Fate2,24,pos,200612,1,5,Xanthine_13C-5 15N-1,Xanthine,CyanoAq,159.055057,7.36535238537717e-4,0.0012757164547121886,8865,15354.630409098098
Smp,GBTFate2MT48,Fate2,48,pos,200612,0,0,Butyrylcarnitine_13C-0 15N-0,Butyrylcarnitine,CyanoAq,232.154884,0.9120127269005184,0.012847911486411342,205253,52084.04365062298
Smp,GBTFate2MT48,Fate2,48,pos,200612,0,0,L-Phenylalanine_13C-0 15N-0,L-Phenylalanine,CyanoAq,166.086804,0.8325915583522805,0.0741103075980803,7684076.333333333,614798.5760819012
Smp,GBTFate2MT48,Fate2,48,pos,200612,0,0,L-Tryptophan_13C-0 15N-0,L-Tryptophan,CyanoAq,205.097703,0.9037891148876476,0.004744147405557188,1493565.6666666667,127514.00913755843
Smp,GBTFate2MT48,Fate2,48,pos,200612,0,0,Methylthioadenosine_13C-0 15N-0,Methylthioadenosine,CyanoAq,298.097387,0.8656976212662864,0.009466820408559538,564468.6666666666,171287.66481078937
Smp,GBTFate2MT48,Fate2,48,pos,200612,0,0,Xanthine_13C-0 15N-0,Xanthine,CyanoAq,153.041251,0.991120824115818,0.0053862246877336,7711725,4035850.2354432084
Smp,GBTFate2MT48,Fate2,48,pos,200612,0,1,Butyrylcarnitine_13C-1 15N-0,Butyrylcarnitine,CyanoAq,233.158238,0.08798727309948157,0.012847911486411292,20347.666666666668,7673.094052162617
Smp,GBTFate2MT48,Fate2,48,pos,200612,0,1,L-Phenylalanine_13C-1 15N-0,L-Phenylalanine,CyanoAq,167.090158,0.12127413824148008,0.03747893183464435,1143916.3333333333,441370.6904013149
Smp,GBTFate2MT48,Fate2,48,pos,200612,0,1,L-Tryptophan_13C-1 15N-0,L-Tryptophan,CyanoAq,206.101057,0.09162953400006169,0.005695854379790703,151694.66666666666,19914.02230422908
Smp,GBTFate2MT48,Fate2,48,pos,200612,0,1,Methylthioadenosine_13C-1 15N-0,Methylthioadenosine,CyanoAq,299.100741,0.1343023787337136,0.009466820408559562,88854.66666666667,32148.610768326107
Smp,GBTFate2MT48,Fate2,48,pos,200612,0,2,L-Phenylalanine_13C-2 15N-0,L-Phenylalanine,CyanoAq,168.093512,0.026554638127599867,0.020417613806996627,256316.33333333334,208284.75734036166
Smp,GBTFate2MT48,Fate2,48,pos,200612,0,2,L-Tryptophan_13C-2 15N-0,L-Tryptophan,CyanoAq,207.104411,0.0012444463902629905,0.001336783358909518,1925.6666666666667,1990.3834638916526
Smp,GBTFate2MT48,Fate2,48,pos,200612,0,4,L-Phenylalanine_13C-4 15N-0,L-Phenylalanine,CyanoAq,170.10022,0.007975060278673545,0.008404853975267934,77847.33333333333,83783.48983739775
Smp,GBTFate2MT48,Fate2,48,pos,200612,0,5,L-Phenylalanine_13C-5 15N-0,L-Phenylalanine,CyanoAq,171.103574,0.0026985098681727515,0.0033179502457696677,25619,33201.13207407241
Smp,GBTFate2MT48,Fate2,48,pos,200612,1,0,L-Phenylalanine_13C-0 15N-1,L-Phenylalanine,CyanoAq,167.08384,0.006314764045268364,0.0025461130663208173,59643.333333333336,28168.900516941256
Smp,GBTFate2MT48,Fate2,48,pos,200612,1,0,L-Tryptophan_13C-0 15N-1,L-Tryptophan,CyanoAq,206.094739,0.003336904722027762,0.00300217157609303,5747.333333333333,5103.112416293936
Smp,GBTFate2MT48,Fate2,48,pos,200612,1,0,Xanthine_13C-0 15N-1,Xanthine,CyanoAq,154.038287,0.006590611260940112,0.001843316118480332,55075.666666666664,35129.43788809228
Smp,GBTFate2MT48,Fate2,48,pos,200612,1,1,L-Phenylalanine_13C-1 15N-1,L-Phenylalanine,CyanoAq,168.087194,0.002591331086524835,0.0025984498604732092,25538.666666666668,25618.368514277667
Smp,GBTFate2MT48,Fate2,48,pos,200612,1,5,Xanthine_13C-5 15N-1,Xanthine,CyanoAq,159.055057,0.002288564623241883,0.003963910203859667,18102.333333333332,31354.161068881007
Smp,GBTFate2MT5,Fate2,5,pos,200612,0,0,Butyrylcarnitine_13C-0 15N-0,Butyrylcarnitine,CyanoAq,232.154884,1,0,58777.5,12017.279746265374
Smp,GBTFate2MT5,Fate2,5,pos,200612,0,0,L-Phenylalanine_13C-0 15N-0,L-Phenylalanine,CyanoAq,166.086804,0.8924422314555592,0.019122221439039508,3394847,1459174.3237310613
Smp,GBTFate2MT5,Fate2,5,pos,200612,0,0,L-Tryptophan_13C-0 15N-0,L-Tryptophan,CyanoAq,205.097703,0.8982889083389625,0.0016850647437860677,691862.6666666666,195063.53506058824
Smp,GBTFate2MT5,Fate2,5,pos,200612,0,0,Methylthioadenosine_13C-0 15N-0,Methylthioadenosine,CyanoAq,298.097387,0.8941939038080544,0.017377838273354144,382268,103348.43042349507
Smp,GBTFate2MT5,Fate2,5,pos,200612,0,0,Xanthine_13C-0 15N-0,Xanthine,CyanoAq,153.041251,0.9946313656893507,0.00477165693690945,9279998,7145179.905990891
Smp,GBTFate2MT5,Fate2,5,pos,200612,0,1,Butyrylcarnitine_13C-1 15N-0,Butyrylcarnitine,CyanoAq,233.158238,0,0,0,0
Smp,GBTFate2MT5,Fate2,5,pos,200612,0,1,L-Phenylalanine_13C-1 15N-0,L-Phenylalanine,CyanoAq,167.090158,0.09418852807316323,0.013566913259145191,366194.3333333333,180828.80090664024
Smp,GBTFate2MT5,Fate2,5,pos,200612,0,1,L-Tryptophan_13C-1 15N-0,L-Tryptophan,CyanoAq,206.101057,0.10098835786912518,0.002630143587624392,78108.33333333333,24037.610245890362
Smp,GBTFate2MT5,Fate2,5,pos,200612,0,1,Methylthioadenosine_13C-1 15N-0,Methylthioadenosine,CyanoAq,299.100741,0.10580609619194561,0.017377838273354183,44286,7793.356401448608
Smp,GBTFate2MT5,Fate2,5,pos,200612,0,2,L-Phenylalanine_13C-2 15N-0,L-Phenylalanine,CyanoAq,168.093512,0.011446210820762512,0.006620114505060144,42498.666666666664,23195.038743949823
Smp,GBTFate2MT5,Fate2,5,pos,200612,0,2,L-Tryptophan_13C-2 15N-0,L-Tryptophan,CyanoAq,207.104411,7.227337919123252e-4,0.0012518116479390599,492.6666666666667,853.323697862267
Smp,GBTFate2MT5,Fate2,5,pos,200612,0,4,L-Phenylalanine_13C-4 15N-0,L-Phenylalanine,CyanoAq,170.10022,0,0,0,0
Smp,GBTFate2MT5,Fate2,5,pos,200612,0,5,L-Phenylalanine_13C-5 15N-0,L-Phenylalanine,CyanoAq,171.103574,7.049564367040416e-4,0.0012210203654941135,3994.6666666666665,6918.965625968475
Smp,GBTFate2MT5,Fate2,5,pos,200612,1,0,L-Phenylalanine_13C-0 15N-1,L-Phenylalanine,CyanoAq,167.08384,0.001218073213811003,5.724623008804851e-4,4013,618.3720562897389
Smp,GBTFate2MT5,Fate2,5,pos,200612,1,0,L-Tryptophan_13C-0 15N-1,L-Tryptophan,CyanoAq,206.094739,0,0,0,0
Smp,GBTFate2MT5,Fate2,5,pos,200612,1,0,Xanthine_13C-0 15N-1,Xanthine,CyanoAq,154.038287,0.004569532736220138,0.003959315361408376,61404.666666666664,54633.32767032714
Smp,GBTFate2MT5,Fate2,5,pos,200612,1,1,L-Phenylalanine_13C-1 15N-1,L-Phenylalanine,CyanoAq,168.087194,0,0,0,0
Smp,GBTFate2MT5,Fate2,5,pos,200612,1,5,Xanthine_13C-5 15N-1,Xanthine,CyanoAq,159.055057,7.991015744290879e-4,0.001384084527319463,9450.666666666666,16369.03483206427
Smp,GBTFate2MTlong,Fate2,96,pos,200612,0,0,Butyrylcarnitine_13C-0 15N-0,Butyrylcarnitine,CyanoAq,232.154884,0.8681657086170208,0.027167386719807583,226726.66666666666,69528.09366963353
Smp,GBTFate2MTlong,Fate2,96,pos,200612,0,0,L-Phenylalanine_13C-0 15N-0,L-Phenylalanine,CyanoAq,166.086804,0.8848718442452245,0.021439741666130937,6989892.333333333,1583394.3265422967
Smp,GBTFate2MTlong,Fate2,96,pos,200612,0,0,L-Tryptophan_13C-0 15N-0,L-Tryptophan,CyanoAq,205.097703,0.8976893967909252,0.008808486714235444,1747635,504157.4599636506
Smp,GBTFate2MTlong,Fate2,96,pos,200612,0,0,Methylthioadenosine_13C-0 15N-0,Methylthioadenosine,CyanoAq,298.097387,0.8467411502069415,0.020362796174396892,379852.3333333333,137866.2299852046
Smp,GBTFate2MTlong,Fate2,96,pos,200612,0,0,Xanthine_13C-0 15N-0,Xanthine,CyanoAq,153.041251,0.9971898007756363,0.0024879137092071206,2209103,1497108.309474969
Smp,GBTFate2MTlong,Fate2,96,pos,200612,0,1,Butyrylcarnitine_13C-1 15N-0,Butyrylcarnitine,CyanoAq,233.158238,0.1318342913829792,0.027167386719807594,32929.666666666664,4156.581568228071
Smp,GBTFate2MTlong,Fate2,96,pos,200612,0,1,L-Phenylalanine_13C-1 15N-0,L-Phenylalanine,CyanoAq,167.090158,0.09038463034002162,0.012155407646363262,702444.3333333334,103710.31586266303
Smp,GBTFate2MTlong,Fate2,96,pos,200612,0,1,L-Tryptophan_13C-1 15N-0,L-Tryptophan,CyanoAq,206.101057,0.09214373817738082,0.004383161469372892,177525.33333333334,40140.70555350682
Smp,GBTFate2MTlong,Fate2,96,pos,200612,0,1,Methylthioadenosine_13C-1 15N-0,Methylthioadenosine,CyanoAq,299.100741,0.15325884979305845,0.020362796174396854,70266,31712.631600042278
Smp,GBTFate2MTlong,Fate2,96,pos,200612,0,2,L-Phenylalanine_13C-2 15N-0,L-Phenylalanine,CyanoAq,168.093512,0.012051848530602824,0.006624546643860159,88427,30231.479669377746
Smp,GBTFate2MTlong,Fate2,96,pos,200612,0,2,L-Tryptophan_13C-2 15N-0,L-Tryptophan,CyanoAq,207.104411,0.005348429580225688,0.002356148731412613,10639.666666666666,5657.081785985893
Smp,GBTFate2MTlong,Fate2,96,pos,200612,0,4,L-Phenylalanine_13C-4 15N-0,L-Phenylalanine,CyanoAq,170.10022,0.003360170250924895,0.001058198584415731,25436.333333333332,3231.6586040813986
Smp,GBTFate2MTlong,Fate2,96,pos,200612,0,5,L-Phenylalanine_13C-5 15N-0,L-Phenylalanine,CyanoAq,171.103574,0.0015760728929771007,0.001406537143758143,12863.333333333334,12946.282259140395
Smp,GBTFate2MTlong,Fate2,96,pos,200612,1,0,L-Phenylalanine_13C-0 15N-1,L-Phenylalanine,CyanoAq,167.08384,0.006809008034980239,0.0025046203501440374,50887.333333333336,9170.267953191626
Smp,GBTFate2MTlong,Fate2,96,pos,200612,1,0,L-Tryptophan_13C-0 15N-1,L-Tryptophan,CyanoAq,206.094739,0.0048184354514683395,0.004723019399690889,7899.333333333333,7826.544852828311
Smp,GBTFate2MTlong,Fate2,96,pos,200612,1,0,Xanthine_13C-0 15N-1,Xanthine,CyanoAq,154.038287,0.0028101992243636776,0.00248791370920714,8691.666666666666,7747.5281434360295
Smp,GBTFate2MTlong,Fate2,96,pos,200612,1,1,L-Phenylalanine_13C-1 15N-1,L-Phenylalanine,CyanoAq,168.087194,9.464257052688541e-4,0.0016392574071148632,9063,15697.576468996735
Smp,GBTFate2MTlong,Fate2,96,pos,200612,1,5,Xanthine_13C-5 15N-1,Xanthine,CyanoAq,159.055057,0,0,0,0
