type,SampID,runDate,N.lab,C.lab,Precursor Ion Name,Protein Name,Fraction1,iso.mz,MID.mean,MID.sd,Area.filled.w.background.mean,Area.filled.w.background.sd
Smp,KM1906S4C28D15,190715,0,0,(3-Carboxypropyl)trimethylammonium_13C-0 15N-0,(3-Carboxypropyl)trimethylammonium,HILICPos,146.118104,0.9316129125653968,2.60173306587917e-4,22171078,2669548.625436143
Smp,KM1906S4C28D15,190715,0,0,Adenine_13C-0 15N-0,Adenine,HILICPos,136.06232,0.9473694973411907,0.0014813824126404917,145200555.33333334,43544291.21954157
Smp,KM1906S4C28D15,190715,0,0,Adenosine_13C-0 15N-0,Adenosine,HILICPos,268.10458,0.8869939407831686,8.412727857767575e-4,89835042.66666667,44487723.67018107
Smp,KM1906S4C28D15,190715,0,0,beta-Alanine_13C-0 15N-0,beta-Alanine,HILICPos,90.055504,0.9683063929598336,0.008050793605605086,10885614,1021983.1849844693
Smp,KM1906S4C28D15,190715,0,0,beta-Alaninebetaine_13C-0 15N-0,beta-Alaninebetaine,HILICPos,132.1018,0.9356628398919916,6.394056073276479e-4,465201448,21943252.90471292
Smp,KM1906S4C28D15,190715,0,0,Betonicine_13C-0 15N-0,Betonicine,HILICPos,160.097369,0.9289026501576785,3.253103520773059e-4,71718113.33333333,2817997.179437434
Smp,KM1906S4C28D15,190715,0,0,Carnitine_13C-0 15N-0,Carnitine,NA,NA,0.9336974501006674,0.0010696062890422208,65509308,513083.47353622684
Smp,KM1906S4C28D15,190715,0,0,Creatine_13C-0 15N-0,Creatine,NA,NA,0.9582268789720565,0.00344302535859617,21500123.333333332,3283208.9417338846
Smp,KM1906S4C28D15,190715,0,0,Cytosine_13C-0 15N-0,Cytosine,NA,NA,0.9495569117091459,0.0035458530064265453,66882888,24366808.30208175
Smp,KM1906S4C28D15,190715,0,0,Deoxyadenosine_13C-0 15N-0,Deoxyadenosine,HILICPos,252.109665,0.9275637487812316,0.007968695475713088,18338740,12551445.720045201
Smp,KM1906S4C28D15,190715,0,0,Glycerophosphocholine_13C-0 15N-0,Glycerophosphocholine,HILICPos,258.110652,0.9197329541007137,0.0013900430230550094,255190988.66666666,49358295.92825706
Smp,KM1906S4C28D15,190715,0,0,Glycine betaine_13C-0 15N-0,Glycine betaine,NA,NA,0.938498320806862,5.069672666684706e-4,2903371946.6666665,186493822.55817488
Smp,KM1906S4C28D15,190715,0,0,Guanine_13C-0 15N-0,Guanine,NA,NA,0.9011300111757784,0.007506385005641018,44522276,4959978.897885757
Smp,KM1906S4C28D15,190715,0,0,Guanosine_13C-0 15N-0,Guanosine,HILICPos,284.099495,0.978446164125947,0.02084337679159308,1309231.6666666667,349643.8083969646
Smp,KM1906S4C28D15,190715,0,0,Homarine_13C-0 15N-0,Homarine,HILICPos,138.055503,0.9253014602602425,9.790139620442836e-4,1675455558.3333333,103917855.93120146
Smp,KM1906S4C28D15,190715,0,0,L-Alanine_13C-0 15N-0,L-Alanine,NA,NA,0.9739918168100163,0.002065930222584746,13802077,2602087.056662978
Smp,KM1906S4C28D15,190715,0,0,L-Arginine_13C-0 15N-0,L-Arginine,HILICPos,175.119501,0.9363740206207288,0.004846701063596967,29492080,4183297.092803235
Smp,KM1906S4C28D15,190715,0,0,L-Glutamic acid_13C-0 15N-0,L-Glutamic acid,HILICPos,148.060984,0.9469119745507025,0.0014687290878080184,72367392.66666667,15929676.279372076
Smp,KM1906S4C28D15,190715,0,0,L-Glutamine_13C-0 15N-0,L-Glutamine,HILICPos,147.076968,0.9448113636264973,0.0030576217003090195,30702457.333333332,4453629.356613023
Smp,KM1906S4C28D15,190715,0,0,L-Leucine_13C-0 15N-0,L-Leucine,NA,NA,0.9188521809389255,0.028567114141986538,13103191.333333334,1829129.8455435943
Smp,KM1906S4C28D15,190715,0,0,L-Methionine_13C-0 15N-0,L-Methionine,HILICPos,150.058876,0.9482730809771124,0.006314264428899557,9834849.333333334,2290504.545123701
Smp,KM1906S4C28D15,190715,0,0,L-Proline_13C-0 15N-0,L-Proline,NA,NA,0.963332115263688,0.029350323698041036,162539722.66666666,6795416.416715412
Smp,KM1906S4C28D15,190715,0,0,O-Acetylcarnitine_13C-0 15N-0,O-Acetylcarnitine,HILICPos,204.123584,0.9591680032656462,0.05774516356049697,13255881,304417.9545821829
Smp,KM1906S4C28D15,190715,0,0,Proline betaine_13C-0 15N-0,Proline betaine,NA,NA,0.9363599840394561,5.965995985303312e-4,32835650.666666668,1511477.4128134807
Smp,KM1906S4C28D15,190715,0,0,Sarcosine_13C-0 15N-0,Sarcosine,HILICPos,90.055504,1,0,1720963,663746.0856750871
Smp,KM1906S4C28D15,190715,0,0,Taurine_13C-0 15N-0,Taurine,HILICPos,126.022491,0.9834726248993289,0.0031876109554598566,31171902,3147026.8172591096
Smp,KM1906S4C28D15,190715,0,0,Trigonelline_13C-0 15N-0,Trigonelline,NA,NA,0.9257127163888044,3.6426813064741314e-4,335574848,32961595.787404224
Smp,KM1906S4C28D15,190715,0,0,Trimethylamine N-oxide_13C-0 15N-0,Trimethylamine N-oxide,HILICPos,76.076239,0.9657372430988856,3.246088651961784e-4,191479818.33333334,30501076.336853776
Smp,KM1906S4C28D15,190715,0,1,(3-Carboxypropyl)trimethylammonium_13C-1 15N-0,(3-Carboxypropyl)trimethylammonium,HILICPos,147.121458,0.06838708743460319,2.60173306587898e-4,1626986.3333333333,189620.22641145997
Smp,KM1906S4C28D15,190715,0,1,Adenine_13C-1 15N-0,Adenine,HILICPos,137.065674,0.052630502658809274,0.0014813824126405156,8077601.666666667,2519358.8938151174
Smp,KM1906S4C28D15,190715,0,1,Adenosine_13C-1 15N-0,Adenosine,HILICPos,269.107934,0.09263698380058678,0.0028937207289561916,9333451.333333334,4459693.564727215
Smp,KM1906S4C28D15,190715,0,1,beta-Alanine_13C-1 15N-0,beta-Alanine,HILICPos,91.058858,0.03169360704016639,0.008050793605605107,360472.3333333333,119964.89329938711
Smp,KM1906S4C28D15,190715,0,1,beta-Alaninebetaine_13C-1 15N-0,beta-Alaninebetaine,HILICPos,133.105154,0.06056084324174114,6.730146687587205e-4,30103072.333333332,1224598.3851048201
Smp,KM1906S4C28D15,190715,0,1,Betonicine_13C-1 15N-0,Betonicine,HILICPos,161.100723,0.07109734984232151,3.253103520772825e-4,5489565.333333333,229108.3222502695
Smp,KM1906S4C28D15,190715,0,1,Carnitine_13C-1 15N-0,Carnitine,NA,NA,0.06630254989933258,0.001069606289042216,4652310.666666667,114565.13303066223
Smp,KM1906S4C28D15,190715,0,1,Creatine_13C-1 15N-0,Creatine,NA,NA,0.03737367290328867,0.002482882463505535,844607,185971.7029792436
Smp,KM1906S4C28D15,190715,0,1,Cytosine_13C-1 15N-0,Cytosine,NA,NA,0.042267728787095366,0.0031099606546225855,2922563,873627.5540165843
Smp,KM1906S4C28D15,190715,0,1,Deoxyadenosine_13C-1 15N-0,Deoxyadenosine,HILICPos,253.113019,0.07243625121876834,0.007968695475713071,1495147.6666666667,1158178.490659075
Smp,KM1906S4C28D15,190715,0,1,Glycerophosphocholine_13C-1 15N-0,Glycerophosphocholine,HILICPos,259.114006,0.07898932909878843,7.79674254164177e-4,21945507.666666668,4435620.627459627
Smp,KM1906S4C28D15,190715,0,1,Glycine betaine_13C-1 15N-0,Glycine betaine,NA,NA,0.051681513949695196,6.240763036800367e-4,159904410.66666666,10961883.34120836
Smp,KM1906S4C28D15,190715,0,1,Guanine_13C-1 15N-0,Guanine,HILICPos,153.060589,0.0472197986953778,0.0012342817051823444,2332130.6666666665,257155.72384517
Smp,KM1906S4C28D15,190715,0,1,Guanosine_13C-1 15N-0,Guanosine,NA,NA,0.011460970969416626,0.01152860057483332,17874,17933.796112368404
Smp,KM1906S4C28D15,190715,0,1,Homarine_13C-1 15N-0,Homarine,NA,NA,0.06962975650555721,8.159196231161631e-4,126147117.33333333,9480460.224488964
Smp,KM1906S4C28D15,190715,0,1,L-Alanine_13C-1 15N-0,L-Alanine,HILICPos,91.058858,0.02534553401079728,0.0015333964359578096,359470,73433.62859072129
Smp,KM1906S4C28D15,190715,0,1,L-Arginine_13C-1 15N-0,L-Arginine,HILICPos,176.12285500000002,0.05701706795267381,0.0011045027817546066,1799440.3333333333,289051.3725211028
Smp,KM1906S4C28D15,190715,0,1,L-Glutamic acid_13C-1 15N-0,L-Glutamic acid,HILICPos,149.064338,0.052673530321900204,0.0012376739486488493,4029939.6666666665,929978.2825863911
Smp,KM1906S4C28D15,190715,0,1,L-Glutamine_13C-1 15N-0,L-Glutamine,HILICPos,148.080322,0.05134695094684179,0.0017853727373348918,1672828.3333333333,293368.9918419009
Smp,KM1906S4C28D15,190715,0,1,L-Leucine_13C-1 15N-0,L-Leucine,HILICPos,133.105808,0.08087459131130241,0.02901638320759673,1141556,387483.96487983863
Smp,KM1906S4C28D15,190715,0,1,L-Methionine_13C-1 15N-0,L-Methionine,HILICPos,151.06223,0.05172691902288764,0.006314264428899536,540600,158558.81812122592
Smp,KM1906S4C28D15,190715,0,1,L-Proline_13C-1 15N-0,L-Proline,NA,NA,0.03435571423545444,0.02975302691518337,5777177,5007098.912259772
Smp,KM1906S4C28D15,190715,0,1,O-Acetylcarnitine_13C-1 15N-0,O-Acetylcarnitine,HILICPos,205.126938,0.04083199673435375,0.05774516356049699,598967.5,847067.9619207068
Smp,KM1906S4C28D15,190715,0,1,Proline betaine_13C-1 15N-0,Proline betaine,NA,NA,0.06364001596054389,5.965995985303345e-4,2231567,100751.08188501005
Smp,KM1906S4C28D15,190715,0,1,Sarcosine_13C-1 15N-0,Sarcosine,HILICPos,91.058858,0,0,0,0
Smp,KM1906S4C28D15,190715,0,1,Taurine_13C-1 15N-0,Taurine,NA,NA,0.016527375100671187,0.003187610955459841,530994.6666666666,161685.0851418687
Smp,KM1906S4C28D15,190715,0,1,Trigonelline_13C-1 15N-0,Trigonelline,NA,NA,0.07125651174447908,4.776228058344679e-4,25822406,2404898.5039963746
Smp,KM1906S4C28D15,190715,0,1,Trimethylamine N-oxide_13C-1 15N-0,Trimethylamine N-oxide,HILICPos,77.079593,0.03153752652208363,2.3573628103129115e-4,6256381.333333333,1032517.4083279823
Smp,KM1906S4C28D15,190715,0,2,(3-Carboxypropyl)trimethylammonium_13C-2 15N-0,(3-Carboxypropyl)trimethylammonium,NA,NA,0,0,0,0
Smp,KM1906S4C28D15,190715,0,2,Adenine_13C-2 15N-0,Adenine,NA,NA,0,0,0,0
Smp,KM1906S4C28D15,190715,0,2,Adenosine_13C-2 15N-0,Adenosine,HILICPos,270.111288,0.006830221516402478,9.002297447485495e-4,722081,460479.4385387908
Smp,KM1906S4C28D15,190715,0,2,beta-Alanine_13C-2 15N-0,beta-Alanine,NA,NA,0,0,0,0
Smp,KM1906S4C28D15,190715,0,2,beta-Alaninebetaine_13C-2 15N-0,beta-Alaninebetaine,NA,NA,0.0012277544464106796,9.088943203143496e-5,609206.6666666666,26465.732945326366
Smp,KM1906S4C28D15,190715,0,2,Betonicine_13C-2 15N-0,Betonicine,HILICPos,162.104077,0,0,0,0
Smp,KM1906S4C28D15,190715,0,2,Carnitine_13C-2 15N-0,Carnitine,HILICPos,164.119727,0,0,0,0
Smp,KM1906S4C28D15,190715,0,2,Creatine_13C-2 15N-0,Creatine,NA,NA,0,0,0,0
Smp,KM1906S4C28D15,190715,0,2,Cytosine_13C-2 15N-0,Cytosine,NA,NA,0,0,0,0
Smp,KM1906S4C28D15,190715,0,2,Deoxyadenosine_13C-2 15N-0,Deoxyadenosine,NA,NA,0,0,0,0
Smp,KM1906S4C28D15,190715,0,2,Glycerophosphocholine_13C-2 15N-0,Glycerophosphocholine,HILICPos,260.11736,0,0,0,0
Smp,KM1906S4C28D15,190715,0,2,Glycine betaine_13C-2 15N-0,Glycine betaine,HILICPos,120.093512,0.0011111905846042309,2.6193206604262376e-5,3435358.3333333335,175938.50713909484
Smp,KM1906S4C28D15,190715,0,2,Guanine_13C-2 15N-0,Guanine,NA,NA,0,0,0,0
Smp,KM1906S4C28D15,190715,0,2,Guanosine_13C-2 15N-0,Guanosine,NA,NA,0,0,0,0
Smp,KM1906S4C28D15,190715,0,2,Homarine_13C-2 15N-0,Homarine,NA,NA,0.0018470763405713552,2.380781855240151e-5,3345892.6666666665,242305.48355811788
Smp,KM1906S4C28D15,190715,0,2,L-Alanine_13C-2 15N-0,L-Alanine,NA,NA,0,0,0,0
Smp,KM1906S4C28D15,190715,0,2,L-Arginine_13C-2 15N-0,L-Arginine,HILICPos,177.12620900000002,0,0,0,0
Smp,KM1906S4C28D15,190715,0,2,L-Glutamic acid_13C-2 15N-0,L-Glutamic acid,HILICPos,150.067692,0,0,0,0
Smp,KM1906S4C28D15,190715,0,2,L-Glutamine_13C-2 15N-0,L-Glutamine,HILICPos,149.083676,0,0,0,0
Smp,KM1906S4C28D15,190715,0,2,L-Leucine_13C-2 15N-0,L-Leucine,NA,NA,0,0,0,0
Smp,KM1906S4C28D15,190715,0,2,L-Methionine_13C-2 15N-0,L-Methionine,HILICPos,152.065584,0,0,0,0
Smp,KM1906S4C28D15,190715,0,2,L-Proline_13C-2 15N-0,L-Proline,NA,NA,1.810916815017199e-4,8.316759333644019e-6,30557,1728.532325413673
Smp,KM1906S4C28D15,190715,0,2,O-Acetylcarnitine_13C-2 15N-0,O-Acetylcarnitine,HILICPos,206.130292,0,0,0,0
Smp,KM1906S4C28D15,190715,0,2,Proline betaine_13C-2 15N-0,Proline betaine,NA,NA,0,0,0,0
Smp,KM1906S4C28D15,190715,0,2,Sarcosine_13C-2 15N-0,Sarcosine,NA,NA,0,0,0,0
Smp,KM1906S4C28D15,190715,0,2,Taurine_13C-2 15N-0,Taurine,NA,NA,0,0,0,0
Smp,KM1906S4C28D15,190715,0,2,Trigonelline_13C-2 15N-0,Trigonelline,NA,NA,0.001374668641769062,1.0550714045049881e-4,496138.6666666667,22401.077079759652
Smp,KM1906S4C28D15,190715,0,2,Trimethylamine N-oxide_13C-2 15N-0,Trimethylamine N-oxide,NA,NA,0,0,0,0
Smp,KM1906S4C28D15,190715,0,3,(3-Carboxypropyl)trimethylammonium_13C-3 15N-0,(3-Carboxypropyl)trimethylammonium,NA,NA,0,0,0,0
Smp,KM1906S4C28D15,190715,0,3,Adenine_13C-3 15N-0,Adenine,NA,NA,0,0,0,0
Smp,KM1906S4C28D15,190715,0,3,Adenosine_13C-3 15N-0,Adenosine,HILICPos,271.114642,0,0,0,0
Smp,KM1906S4C28D15,190715,0,3,beta-Alanine_13C-3 15N-0,beta-Alanine,NA,NA,0,0,0,0
Smp,KM1906S4C28D15,190715,0,3,beta-Alaninebetaine_13C-3 15N-0,beta-Alaninebetaine,NA,NA,0,0,0,0
Smp,KM1906S4C28D15,190715,0,3,Betonicine_13C-3 15N-0,Betonicine,HILICPos,163.107431,0,0,0,0
Smp,KM1906S4C28D15,190715,0,3,Carnitine_13C-3 15N-0,Carnitine,NA,NA,0,0,0,0
Smp,KM1906S4C28D15,190715,0,3,Creatine_13C-3 15N-0,Creatine,NA,NA,0,0,0,0
Smp,KM1906S4C28D15,190715,0,3,Cytosine_13C-3 15N-0,Cytosine,HILICPos,115.061149,0,0,0,0
Smp,KM1906S4C28D15,190715,0,3,Deoxyadenosine_13C-3 15N-0,Deoxyadenosine,HILICPos,255.119727,0,0,0,0
Smp,KM1906S4C28D15,190715,0,3,Glycerophosphocholine_13C-3 15N-0,Glycerophosphocholine,NA,NA,5.681934091708878e-4,1.5286368106893334e-5,158226.33333333334,34545.3104825146
Smp,KM1906S4C28D15,190715,0,3,Glycine betaine_13C-3 15N-0,Glycine betaine,NA,NA,0,0,0,0
Smp,KM1906S4C28D15,190715,0,3,Guanine_13C-3 15N-0,Guanine,NA,NA,0,0,0,0
Smp,KM1906S4C28D15,190715,0,3,Guanosine_13C-3 15N-0,Guanosine,HILICPos,287.109557,0,0,0,0
Smp,KM1906S4C28D15,190715,0,3,Homarine_13C-3 15N-0,Homarine,HILICPos,141.065565,0,0,0,0
Smp,KM1906S4C28D15,190715,0,3,L-Alanine_13C-3 15N-0,L-Alanine,NA,NA,0,0,0,0
Smp,KM1906S4C28D15,190715,0,3,L-Arginine_13C-3 15N-0,L-Arginine,NA,NA,0,0,0,0
Smp,KM1906S4C28D15,190715,0,3,L-Glutamic acid_13C-3 15N-0,L-Glutamic acid,NA,NA,0,0,0,0
Smp,KM1906S4C28D15,190715,0,3,L-Glutamine_13C-3 15N-0,L-Glutamine,NA,NA,0,0,0,0
Smp,KM1906S4C28D15,190715,0,3,L-Leucine_13C-3 15N-0,L-Leucine,NA,NA,0,0,0,0
Smp,KM1906S4C28D15,190715,0,3,L-Methionine_13C-3 15N-0,L-Methionine,NA,NA,0,0,0,0
Smp,KM1906S4C28D15,190715,0,3,L-Proline_13C-3 15N-0,L-Proline,HILICPos,119.08121600000001,0,0,0,0
Smp,KM1906S4C28D15,190715,0,3,O-Acetylcarnitine_13C-3 15N-0,O-Acetylcarnitine,NA,NA,0,0,0,0
Smp,KM1906S4C28D15,190715,0,3,Proline betaine_13C-3 15N-0,Proline betaine,NA,NA,0,0,0,0
Smp,KM1906S4C28D15,190715,0,3,Sarcosine_13C-3 15N-0,Sarcosine,NA,NA,0,0,0,0
Smp,KM1906S4C28D15,190715,0,3,Trigonelline_13C-3 15N-0,Trigonelline,NA,NA,0,0,0,0
Smp,KM1906S4C28D15,190715,0,3,Trimethylamine N-oxide_13C-3 15N-0,Trimethylamine N-oxide,HILICPos,79.086301,0,0,0,0
Smp,KM1906S4C28D15,190715,0,4,(3-Carboxypropyl)trimethylammonium_13C-4 15N-0,(3-Carboxypropyl)trimethylammonium,NA,NA,0,0,0,0
Smp,KM1906S4C28D15,190715,0,4,Adenine_13C-4 15N-0,Adenine,HILICPos,140.075736,0,0,0,0
Smp,KM1906S4C28D15,190715,0,4,Adenosine_13C-4 15N-0,Adenosine,HILICPos,272.117996,0,0,0,0
Smp,KM1906S4C28D15,190715,0,4,beta-Alaninebetaine_13C-4 15N-0,beta-Alaninebetaine,NA,NA,0,0,0,0
Smp,KM1906S4C28D15,190715,0,4,Betonicine_13C-4 15N-0,Betonicine,NA,NA,0,0,0,0
Smp,KM1906S4C28D15,190715,0,4,Carnitine_13C-4 15N-0,Carnitine,NA,NA,0,0,0,0
Smp,KM1906S4C28D15,190715,0,4,Creatine_13C-4 15N-0,Creatine,NA,NA,2.0371217248383122e-4,3.528398328622303e-4,3826,6626.826389758525
Smp,KM1906S4C28D15,190715,0,4,Cytosine_13C-4 15N-0,Cytosine,NA,NA,0,0,0,0
Smp,KM1906S4C28D15,190715,0,4,Deoxyadenosine_13C-4 15N-0,Deoxyadenosine,HILICPos,256.123081,0,0,0,0
Smp,KM1906S4C28D15,190715,0,4,Glycerophosphocholine_13C-4 15N-0,Glycerophosphocholine,NA,NA,0,0,0,0
Smp,KM1906S4C28D15,190715,0,4,Glycine betaine_13C-4 15N-0,Glycine betaine,NA,NA,0,0,0,0
Smp,KM1906S4C28D15,190715,0,4,Guanine_13C-4 15N-0,Guanine,NA,NA,0,0,0,0
Smp,KM1906S4C28D15,190715,0,4,Guanosine_13C-4 15N-0,Guanosine,NA,NA,0,0,0,0
Smp,KM1906S4C28D15,190715,0,4,Homarine_13C-4 15N-0,Homarine,HILICPos,142.068919,0,0,0,0
Smp,KM1906S4C28D15,190715,0,4,L-Arginine_13C-4 15N-0,L-Arginine,NA,NA,0,0,0,0
Smp,KM1906S4C28D15,190715,0,4,L-Glutamic acid_13C-4 15N-0,L-Glutamic acid,HILICPos,152.0744,0,0,0,0
Smp,KM1906S4C28D15,190715,0,4,L-Glutamine_13C-4 15N-0,L-Glutamine,NA,NA,0,0,0,0
Smp,KM1906S4C28D15,190715,0,4,L-Leucine_13C-4 15N-0,L-Leucine,NA,NA,0,0,0,0
Smp,KM1906S4C28D15,190715,0,4,L-Methionine_13C-4 15N-0,L-Methionine,HILICPos,154.072292,0,0,0,0
Smp,KM1906S4C28D15,190715,0,4,L-Proline_13C-4 15N-0,L-Proline,HILICPos,120.08457000000001,0,0,0,0
Smp,KM1906S4C28D15,190715,0,4,O-Acetylcarnitine_13C-4 15N-0,O-Acetylcarnitine,NA,NA,0,0,0,0
Smp,KM1906S4C28D15,190715,0,4,Proline betaine_13C-4 15N-0,Proline betaine,NA,NA,0,0,0,0
Smp,KM1906S4C28D15,190715,0,4,Trigonelline_13C-4 15N-0,Trigonelline,HILICPos,142.068919,0,0,0,0
Smp,KM1906S4C28D15,190715,0,5,(3-Carboxypropyl)trimethylammonium_13C-5 15N-0,(3-Carboxypropyl)trimethylammonium,NA,NA,0,0,0,0
Smp,KM1906S4C28D15,190715,0,5,Adenine_13C-5 15N-0,Adenine,NA,NA,0,0,0,0
Smp,KM1906S4C28D15,190715,0,5,Adenosine_13C-5 15N-0,Adenosine,HILICPos,273.12135,0,0,0,0
Smp,KM1906S4C28D15,190715,0,5,beta-Alaninebetaine_13C-5 15N-0,beta-Alaninebetaine,NA,NA,0,0,0,0
Smp,KM1906S4C28D15,190715,0,5,Betonicine_13C-5 15N-0,Betonicine,HILICPos,165.114139,0,0,0,0
Smp,KM1906S4C28D15,190715,0,5,Carnitine_13C-5 15N-0,Carnitine,HILICPos,167.12978900000002,0,0,0,0
Smp,KM1906S4C28D15,190715,0,5,Deoxyadenosine_13C-5 15N-0,Deoxyadenosine,HILICPos,257.126435,0,0,0,0
Smp,KM1906S4C28D15,190715,0,5,Glycerophosphocholine_13C-5 15N-0,Glycerophosphocholine,HILICPos,263.127422,0,0,0,0
Smp,KM1906S4C28D15,190715,0,5,Glycine betaine_13C-5 15N-0,Glycine betaine,NA,NA,0.0013892972699300168,1.432863355364376e-4,4280383.666666667,227684.61176006898
Smp,KM1906S4C28D15,190715,0,5,Guanine_13C-5 15N-0,Guanine,NA,NA,0,0,0,0
Smp,KM1906S4C28D15,190715,0,5,Guanosine_13C-5 15N-0,Guanosine,NA,NA,0,0,0,0
Smp,KM1906S4C28D15,190715,0,5,Homarine_13C-5 15N-0,Homarine,NA,NA,0,0,0,0
Smp,KM1906S4C28D15,190715,0,5,L-Arginine_13C-5 15N-0,L-Arginine,HILICPos,180.13627100000002,0,0,0,0
Smp,KM1906S4C28D15,190715,0,5,L-Glutamic acid_13C-5 15N-0,L-Glutamic acid,HILICPos,153.077754,0,0,0,0
Smp,KM1906S4C28D15,190715,0,5,L-Glutamine_13C-5 15N-0,L-Glutamine,HILICPos,152.093738,0,0,0,0
Smp,KM1906S4C28D15,190715,0,5,L-Leucine_13C-5 15N-0,L-Leucine,NA,NA,0,0,0,0
Smp,KM1906S4C28D15,190715,0,5,L-Methionine_13C-5 15N-0,L-Methionine,NA,NA,0,0,0,0
Smp,KM1906S4C28D15,190715,0,5,L-Proline_13C-5 15N-0,L-Proline,HILICPos,121.087924,0,0,0,0
Smp,KM1906S4C28D15,190715,0,5,O-Acetylcarnitine_13C-5 15N-0,O-Acetylcarnitine,HILICPos,209.140354,0,0,0,0
Smp,KM1906S4C28D15,190715,0,5,Proline betaine_13C-5 15N-0,Proline betaine,NA,NA,0,0,0,0
Smp,KM1906S4C28D15,190715,0,5,Trigonelline_13C-5 15N-0,Trigonelline,NA,NA,0,0,0,0
Smp,KM1906S4C28D15,190715,0,6,Carnitine_13C-6 15N-0,Carnitine,NA,NA,0,0,0,0
Smp,KM1906S4C28D15,190715,1,0,(3-Carboxypropyl)trimethylammonium_13C-0 15N-1,(3-Carboxypropyl)trimethylammonium,HILICPos,147.11514,0,0,0,0
Smp,KM1906S4C28D15,190715,1,0,Adenine_13C-0 15N-1,Adenine,HILICPos,137.059356,0,0,0,0
Smp,KM1906S4C28D15,190715,1,0,Adenosine_13C-0 15N-1,Adenosine,HILICPos,269.101616,0.01353885389984212,0.002642074999233451,1420749,886130.7236672251
Smp,KM1906S4C28D15,190715,1,0,beta-Alanine_13C-0 15N-1,beta-Alanine,HILICPos,91.05254,0,0,0,0
Smp,KM1906S4C28D15,190715,1,0,beta-Alaninebetaine_13C-0 15N-1,beta-Alaninebetaine,HILICPos,133.098836,0.0025394697849608077,9.51766591472032e-5,1262323.3333333333,68143.87757042692
Smp,KM1906S4C28D15,190715,1,0,Betonicine_13C-0 15N-1,Betonicine,HILICPos,161.094405,0,0,0,0
Smp,KM1906S4C28D15,190715,1,0,Carnitine_13C-0 15N-1,Carnitine,HILICPos,163.11005500000002,0,0,0,0
Smp,KM1906S4C28D15,190715,1,0,Creatine_13C-0 15N-1,Creatine,HILICPos,133.074338,0.004195735952170961,0.0012641609377127962,96845.66666666667,43366.52655370653
Smp,KM1906S4C28D15,190715,1,0,Cytosine_13C-0 15N-1,Cytosine,NA,NA,0.00817535950375872,4.7847317285950214e-4,568740,186030.18026116086
Smp,KM1906S4C28D15,190715,1,0,Deoxyadenosine_13C-0 15N-1,Deoxyadenosine,HILICPos,253.10670100000002,0,0,0,0
Smp,KM1906S4C28D15,190715,1,0,Glycerophosphocholine_13C-0 15N-1,Glycerophosphocholine,NA,NA,0.00048676975138509673,5.186894615985151e-4,145330.66666666666,155103.54701725338
Smp,KM1906S4C28D15,190715,1,0,Glycine betaine_13C-0 15N-1,Glycine betaine,NA,NA,0.0033044255456091336,3.5572910960846135e-5,10225200,724954.3781211339
Smp,KM1906S4C28D15,190715,1,0,Guanine_13C-0 15N-1,Guanine,HILICPos,153.054271,0,0,0,0
Smp,KM1906S4C28D15,190715,1,0,Guanosine_13C-0 15N-1,Guanosine,HILICPos,285.09653099999997,0.01009286490463644,0.017481354808759127,15820.666666666666,27402.19847627802
Smp,KM1906S4C28D15,190715,1,0,Homarine_13C-0 15N-1,Homarine,NA,NA,0.0030802703260727426,1.1406782800592017e-4,5586408,565171.4285727827
Smp,KM1906S4C28D15,190715,1,0,L-Alanine_13C-0 15N-1,L-Alanine,NA,NA,3.5078754352737694e-4,6.075818480516959e-4,6054.666666666667,10486.990289560363
Smp,KM1906S4C28D15,190715,1,0,L-Arginine_13C-0 15N-1,L-Arginine,HILICPos,176.11653700000002,0.006608911426597389,0.003901612573171983,220259.66666666666,143743.83552811344
Smp,KM1906S4C28D15,190715,1,0,L-Glutamic acid_13C-0 15N-1,L-Glutamic acid,NA,NA,4.144951273972957e-4,5.27920193524619e-4,37632,51526.04844154071
Smp,KM1906S4C28D15,190715,1,0,L-Glutamine_13C-0 15N-1,L-Glutamine,HILICPos,148.074004,0.0038416854266608994,0.001562790409967246,129893,73140.38821335309
Smp,KM1906S4C28D15,190715,1,0,L-Leucine_13C-0 15N-1,L-Leucine,HILICPos,133.09949,0,0,0,0
Smp,KM1906S4C28D15,190715,1,0,L-Methionine_13C-0 15N-1,L-Methionine,NA,NA,0,0,0,0
Smp,KM1906S4C28D15,190715,1,0,L-Proline_13C-0 15N-1,L-Proline,NA,NA,0.002131078819355845,4.1063963965353546e-4,359728.6666666667,71508.64020755347
Smp,KM1906S4C28D15,190715,1,0,O-Acetylcarnitine_13C-0 15N-1,O-Acetylcarnitine,HILICPos,205.12062,0,0,0,0
Smp,KM1906S4C28D15,190715,1,0,Proline betaine_13C-0 15N-1,Proline betaine,HILICPos,145.09949,0,0,0,0
Smp,KM1906S4C28D15,190715,1,0,Sarcosine_13C-0 15N-1,Sarcosine,NA,NA,0,0,0,0
Smp,KM1906S4C28D15,190715,1,0,Taurine_13C-0 15N-1,Taurine,NA,NA,0,0,0,0
Smp,KM1906S4C28D15,190715,1,0,Trigonelline_13C-0 15N-1,Trigonelline,HILICPos,139.052539,0.0016183133454380125,2.807122724106909e-4,593082.3333333334,163565.26048441132
Smp,KM1906S4C28D15,190715,1,0,Trimethylamine N-oxide_13C-0 15N-1,Trimethylamine N-oxide,HILICPos,77.073275,0.002725230379030741,8.892392768069206e-5,541498.6666666666,99559.76260685506
Smp,KM1906S4C28D15,190715,1,1,(3-Carboxypropyl)trimethylammonium_13C-1 15N-1,(3-Carboxypropyl)trimethylammonium,NA,NA,0,0,0,0
Smp,KM1906S4C28D15,190715,1,1,Adenine_13C-1 15N-1,Adenine,HILICPos,138.06271,0,0,0,0
Smp,KM1906S4C28D15,190715,1,1,Adenosine_13C-1 15N-1,Adenosine,HILICPos,270.10497,0,0,0,0
Smp,KM1906S4C28D15,190715,1,1,beta-Alanine_13C-1 15N-1,beta-Alanine,NA,NA,0,0,0,0
Smp,KM1906S4C28D15,190715,1,1,beta-Alaninebetaine_13C-1 15N-1,beta-Alaninebetaine,NA,NA,9.092634895791064e-6,1.5748905614183866e-5,4732,8196.064421415927
Smp,KM1906S4C28D15,190715,1,1,Betonicine_13C-1 15N-1,Betonicine,NA,NA,0,0,0,0
Smp,KM1906S4C28D15,190715,1,1,Carnitine_13C-1 15N-1,Carnitine,NA,NA,0,0,0,0
Smp,KM1906S4C28D15,190715,1,1,Creatine_13C-1 15N-1,Creatine,NA,NA,0,0,0,0
Smp,KM1906S4C28D15,190715,1,1,Cytosine_13C-1 15N-1,Cytosine,NA,NA,0,0,0,0
Smp,KM1906S4C28D15,190715,1,1,Deoxyadenosine_13C-1 15N-1,Deoxyadenosine,HILICPos,254.11005500000002,0,0,0,0
Smp,KM1906S4C28D15,190715,1,1,Glycerophosphocholine_13C-1 15N-1,Glycerophosphocholine,HILICPos,260.111042,0,0,0,0
Smp,KM1906S4C28D15,190715,1,1,Glycine betaine_13C-1 15N-1,Glycine betaine,NA,NA,1.1960385348115504e-4,1.945078537388374e-5,370742.3333333333,70703.75309934639
Smp,KM1906S4C28D15,190715,1,1,Guanine_13C-1 15N-1,Guanine,NA,NA,0.05165019012884379,0.00680950501733517,2569129.3333333335,571540.4528433078
Smp,KM1906S4C28D15,190715,1,1,Guanosine_13C-1 15N-1,Guanosine,NA,NA,0,0,0,0
Smp,KM1906S4C28D15,190715,1,1,Homarine_13C-1 15N-1,Homarine,HILICPos,140.055893,1.4143656755615568e-4,4.405920190051425e-5,258799.66666666666,92903.89753575106
Smp,KM1906S4C28D15,190715,1,1,L-Alanine_13C-1 15N-1,L-Alanine,NA,NA,0,0,0,0
Smp,KM1906S4C28D15,190715,1,1,L-Arginine_13C-1 15N-1,L-Arginine,NA,NA,0,0,0,0
Smp,KM1906S4C28D15,190715,1,1,L-Glutamic acid_13C-1 15N-1,L-Glutamic acid,NA,NA,0,0,0,0
Smp,KM1906S4C28D15,190715,1,1,L-Glutamine_13C-1 15N-1,L-Glutamine,NA,NA,0,0,0,0
Smp,KM1906S4C28D15,190715,1,1,L-Leucine_13C-1 15N-1,L-Leucine,HILICPos,134.102844,0,0,0,0
Smp,KM1906S4C28D15,190715,1,1,L-Methionine_13C-1 15N-1,L-Methionine,NA,NA,0,0,0,0
Smp,KM1906S4C28D15,190715,1,1,L-Proline_13C-1 15N-1,L-Proline,NA,NA,0,0,0,0
Smp,KM1906S4C28D15,190715,1,1,O-Acetylcarnitine_13C-1 15N-1,O-Acetylcarnitine,HILICPos,206.123974,0,0,0,0
Smp,KM1906S4C28D15,190715,1,1,Proline betaine_13C-1 15N-1,Proline betaine,NA,NA,0,0,0,0
Smp,KM1906S4C28D15,190715,1,1,Sarcosine_13C-1 15N-1,Sarcosine,NA,NA,0,0,0,0
Smp,KM1906S4C28D15,190715,1,1,Taurine_13C-1 15N-1,Taurine,NA,NA,0,0,0,0
Smp,KM1906S4C28D15,190715,1,1,Trigonelline_13C-1 15N-1,Trigonelline,HILICPos,140.055893,3.7789879509474825e-5,6.545399132231644e-5,15250.333333333334,26414.35216569457
Smp,KM1906S4C28D15,190715,1,1,Trimethylamine N-oxide_13C-1 15N-1,Trimethylamine N-oxide,NA,NA,0,0,0,0
Smp,KM1906S4C28D15,190715,1,2,(3-Carboxypropyl)trimethylammonium_13C-2 15N-1,(3-Carboxypropyl)trimethylammonium,NA,NA,0,0,0,0
Smp,KM1906S4C28D15,190715,1,2,Adenine_13C-2 15N-1,Adenine,HILICPos,139.066064,0,0,0,0
Smp,KM1906S4C28D15,190715,1,2,Adenosine_13C-2 15N-1,Adenosine,HILICPos,271.108324,0,0,0,0
Smp,KM1906S4C28D15,190715,1,2,beta-Alanine_13C-2 15N-1,beta-Alanine,NA,NA,0,0,0,0
Smp,KM1906S4C28D15,190715,1,2,beta-Alaninebetaine_13C-2 15N-1,beta-Alaninebetaine,NA,NA,0,0,0,0
Smp,KM1906S4C28D15,190715,1,2,Betonicine_13C-2 15N-1,Betonicine,NA,NA,0,0,0,0
Smp,KM1906S4C28D15,190715,1,2,Carnitine_13C-2 15N-1,Carnitine,HILICPos,165.11676300000002,0,0,0,0
Smp,KM1906S4C28D15,190715,1,2,Creatine_13C-2 15N-1,Creatine,HILICPos,135.08104600000001,0,0,0,0
Smp,KM1906S4C28D15,190715,1,2,Cytosine_13C-2 15N-1,Cytosine,HILICPos,115.054831,0,0,0,0
Smp,KM1906S4C28D15,190715,1,2,Deoxyadenosine_13C-2 15N-1,Deoxyadenosine,NA,NA,0,0,0,0
Smp,KM1906S4C28D15,190715,1,2,Glycerophosphocholine_13C-2 15N-1,Glycerophosphocholine,NA,NA,2.2275363994195236e-4,2.4528742263954235e-4,69730,78632.92213824944
Smp,KM1906S4C28D15,190715,1,2,Glycine betaine_13C-2 15N-1,Glycine betaine,NA,NA,0,0,0,0
Smp,KM1906S4C28D15,190715,1,2,Guanine_13C-2 15N-1,Guanine,NA,NA,0,0,0,0
Smp,KM1906S4C28D15,190715,1,2,Guanosine_13C-2 15N-1,Guanosine,NA,NA,0,0,0,0
Smp,KM1906S4C28D15,190715,1,2,Homarine_13C-2 15N-1,Homarine,NA,NA,0,0,0,0
Smp,KM1906S4C28D15,190715,1,2,L-Alanine_13C-2 15N-1,L-Alanine,NA,NA,0,0,0,0
Smp,KM1906S4C28D15,190715,1,2,L-Arginine_13C-2 15N-1,L-Arginine,HILICPos,178.12324500000003,0,0,0,0
Smp,KM1906S4C28D15,190715,1,2,L-Glutamic acid_13C-2 15N-1,L-Glutamic acid,NA,NA,0,0,0,0
Smp,KM1906S4C28D15,190715,1,2,L-Glutamine_13C-2 15N-1,L-Glutamine,NA,NA,0,0,0,0
Smp,KM1906S4C28D15,190715,1,2,L-Leucine_13C-2 15N-1,L-Leucine,NA,NA,0,0,0,0
Smp,KM1906S4C28D15,190715,1,2,L-Methionine_13C-2 15N-1,L-Methionine,NA,NA,0,0,0,0
Smp,KM1906S4C28D15,190715,1,2,L-Proline_13C-2 15N-1,L-Proline,NA,NA,0,0,0,0
Smp,KM1906S4C28D15,190715,1,2,O-Acetylcarnitine_13C-2 15N-1,O-Acetylcarnitine,NA,NA,0,0,0,0
Smp,KM1906S4C28D15,190715,1,2,Proline betaine_13C-2 15N-1,Proline betaine,NA,NA,0,0,0,0
Smp,KM1906S4C28D15,190715,1,2,Sarcosine_13C-2 15N-1,Sarcosine,NA,NA,0,0,0,0
Smp,KM1906S4C28D15,190715,1,2,Taurine_13C-2 15N-1,Taurine,NA,NA,0,0,0,0
Smp,KM1906S4C28D15,190715,1,2,Trigonelline_13C-2 15N-1,Trigonelline,NA,NA,0,0,0,0
Smp,KM1906S4C28D15,190715,1,2,Trimethylamine N-oxide_13C-2 15N-1,Trimethylamine N-oxide,HILICPos,79.079983,0,0,0,0
Smp,KM1906S4C28D15,190715,1,3,(3-Carboxypropyl)trimethylammonium_13C-3 15N-1,(3-Carboxypropyl)trimethylammonium,NA,NA,0,0,0,0
Smp,KM1906S4C28D15,190715,1,3,Adenine_13C-3 15N-1,Adenine,HILICPos,140.069418,0,0,0,0
Smp,KM1906S4C28D15,190715,1,3,Adenosine_13C-3 15N-1,Adenosine,HILICPos,272.111678,0,0,0,0
Smp,KM1906S4C28D15,190715,1,3,beta-Alanine_13C-3 15N-1,beta-Alanine,NA,NA,0,0,0,0
Smp,KM1906S4C28D15,190715,1,3,beta-Alaninebetaine_13C-3 15N-1,beta-Alaninebetaine,NA,NA,0,0,0,0
Smp,KM1906S4C28D15,190715,1,3,Betonicine_13C-3 15N-1,Betonicine,NA,NA,0,0,0,0
Smp,KM1906S4C28D15,190715,1,3,Carnitine_13C-3 15N-1,Carnitine,NA,NA,0,0,0,0
Smp,KM1906S4C28D15,190715,1,3,Creatine_13C-3 15N-1,Creatine,HILICPos,136.08440000000002,0,0,0,0
Smp,KM1906S4C28D15,190715,1,3,Cytosine_13C-3 15N-1,Cytosine,HILICPos,116.058185,0,0,0,0
Smp,KM1906S4C28D15,190715,1,3,Deoxyadenosine_13C-3 15N-1,Deoxyadenosine,HILICPos,256.116763,0,0,0,0
Smp,KM1906S4C28D15,190715,1,3,Glycerophosphocholine_13C-3 15N-1,Glycerophosphocholine,NA,NA,0,0,0,0
Smp,KM1906S4C28D15,190715,1,3,Glycine betaine_13C-3 15N-1,Glycine betaine,NA,NA,0,0,0,0
Smp,KM1906S4C28D15,190715,1,3,Guanine_13C-3 15N-1,Guanine,HILICPos,156.064333,0,0,0,0
Smp,KM1906S4C28D15,190715,1,3,Guanosine_13C-3 15N-1,Guanosine,HILICPos,288.106593,0,0,0,0
Smp,KM1906S4C28D15,190715,1,3,Homarine_13C-3 15N-1,Homarine,HILICPos,142.062601,0,0,0,0
Smp,KM1906S4C28D15,190715,1,3,L-Alanine_13C-3 15N-1,L-Alanine,NA,NA,3.118616356589427e-4,5.401601978928227e-4,3888.6666666666665,6735.368240366174
Smp,KM1906S4C28D15,190715,1,3,L-Arginine_13C-3 15N-1,L-Arginine,NA,NA,0,0,0,0
Smp,KM1906S4C28D15,190715,1,3,L-Glutamic acid_13C-3 15N-1,L-Glutamic acid,HILICPos,152.068082,0,0,0,0
Smp,KM1906S4C28D15,190715,1,3,L-Glutamine_13C-3 15N-1,L-Glutamine,HILICPos,151.084066,0,0,0,0
Smp,KM1906S4C28D15,190715,1,3,L-Leucine_13C-3 15N-1,L-Leucine,NA,NA,2.7322774977210916e-4,4.7324434464300874e-4,3887.6666666666665,6733.636189558605
Smp,KM1906S4C28D15,190715,1,3,L-Methionine_13C-3 15N-1,L-Methionine,NA,NA,0,0,0,0
Smp,KM1906S4C28D15,190715,1,3,L-Proline_13C-3 15N-1,L-Proline,NA,NA,0,0,0,0
Smp,KM1906S4C28D15,190715,1,3,O-Acetylcarnitine_13C-3 15N-1,O-Acetylcarnitine,HILICPos,208.130682,0,0,0,0
Smp,KM1906S4C28D15,190715,1,3,Proline betaine_13C-3 15N-1,Proline betaine,HILICPos,148.109552,0,0,0,0
Smp,KM1906S4C28D15,190715,1,3,Sarcosine_13C-3 15N-1,Sarcosine,NA,NA,0,0,0,0
Smp,KM1906S4C28D15,190715,1,3,Trigonelline_13C-3 15N-1,Trigonelline,HILICPos,142.062601,0,0,0,0
Smp,KM1906S4C28D15,190715,1,3,Trimethylamine N-oxide_13C-3 15N-1,Trimethylamine N-oxide,NA,NA,0,0,0,0
Smp,KM1906S4C28D15,190715,1,4,(3-Carboxypropyl)trimethylammonium_13C-4 15N-1,(3-Carboxypropyl)trimethylammonium,NA,NA,0,0,0,0
Smp,KM1906S4C28D15,190715,1,4,Adenine_13C-4 15N-1,Adenine,HILICPos,141.07277200000001,0,0,0,0
Smp,KM1906S4C28D15,190715,1,4,Adenosine_13C-4 15N-1,Adenosine,NA,NA,0,0,0,0
Smp,KM1906S4C28D15,190715,1,4,beta-Alaninebetaine_13C-4 15N-1,beta-Alaninebetaine,NA,NA,0,0,0,0
Smp,KM1906S4C28D15,190715,1,4,Betonicine_13C-4 15N-1,Betonicine,NA,NA,0,0,0,0
Smp,KM1906S4C28D15,190715,1,4,Carnitine_13C-4 15N-1,Carnitine,NA,NA,0,0,0,0
Smp,KM1906S4C28D15,190715,1,4,Creatine_13C-4 15N-1,Creatine,NA,NA,0,0,0,0
Smp,KM1906S4C28D15,190715,1,4,Cytosine_13C-4 15N-1,Cytosine,NA,NA,0,0,0,0
Smp,KM1906S4C28D15,190715,1,4,Deoxyadenosine_13C-4 15N-1,Deoxyadenosine,NA,NA,0,0,0,0
Smp,KM1906S4C28D15,190715,1,4,Glycerophosphocholine_13C-4 15N-1,Glycerophosphocholine,HILICPos,263.121104,0,0,0,0
Smp,KM1906S4C28D15,190715,1,4,Glycine betaine_13C-4 15N-1,Glycine betaine,NA,NA,0.003895647989818276,4.210048924400459e-4,12001797.666666666,735604.200681544
Smp,KM1906S4C28D15,190715,1,4,Guanine_13C-4 15N-1,Guanine,NA,NA,0,0,0,0
Smp,KM1906S4C28D15,190715,1,4,Guanosine_13C-4 15N-1,Guanosine,NA,NA,0,0,0,0
Smp,KM1906S4C28D15,190715,1,4,Homarine_13C-4 15N-1,Homarine,HILICPos,143.065955,0,0,0,0
Smp,KM1906S4C28D15,190715,1,4,L-Arginine_13C-4 15N-1,L-Arginine,NA,NA,0,0,0,0
Smp,KM1906S4C28D15,190715,1,4,L-Glutamic acid_13C-4 15N-1,L-Glutamic acid,NA,NA,0,0,0,0
Smp,KM1906S4C28D15,190715,1,4,L-Glutamine_13C-4 15N-1,L-Glutamine,NA,NA,0,0,0,0
Smp,KM1906S4C28D15,190715,1,4,L-Leucine_13C-4 15N-1,L-Leucine,NA,NA,0,0,0,0
Smp,KM1906S4C28D15,190715,1,4,L-Methionine_13C-4 15N-1,L-Methionine,HILICPos,155.069328,0,0,0,0
Smp,KM1906S4C28D15,190715,1,4,L-Proline_13C-4 15N-1,L-Proline,NA,NA,0,0,0,0
Smp,KM1906S4C28D15,190715,1,4,O-Acetylcarnitine_13C-4 15N-1,O-Acetylcarnitine,NA,NA,0,0,0,0
Smp,KM1906S4C28D15,190715,1,4,Proline betaine_13C-4 15N-1,Proline betaine,NA,NA,0,0,0,0
Smp,KM1906S4C28D15,190715,1,4,Trigonelline_13C-4 15N-1,Trigonelline,NA,NA,0,0,0,0
Smp,KM1906S4C28D15,190715,1,5,(3-Carboxypropyl)trimethylammonium_13C-5 15N-1,(3-Carboxypropyl)trimethylammonium,NA,NA,0,0,0,0
Smp,KM1906S4C28D15,190715,1,5,Adenine_13C-5 15N-1,Adenine,HILICPos,142.07612600000002,0,0,0,0
Smp,KM1906S4C28D15,190715,1,5,Adenosine_13C-5 15N-1,Adenosine,HILICPos,274.118386,0,0,0,0
Smp,KM1906S4C28D15,190715,1,5,beta-Alaninebetaine_13C-5 15N-1,beta-Alaninebetaine,NA,NA,0,0,0,0
Smp,KM1906S4C28D15,190715,1,5,Betonicine_13C-5 15N-1,Betonicine,NA,NA,0,0,0,0
Smp,KM1906S4C28D15,190715,1,5,Carnitine_13C-5 15N-1,Carnitine,NA,NA,0,0,0,0
Smp,KM1906S4C28D15,190715,1,5,Deoxyadenosine_13C-5 15N-1,Deoxyadenosine,HILICPos,258.123471,0,0,0,0
Smp,KM1906S4C28D15,190715,1,5,Glycerophosphocholine_13C-5 15N-1,Glycerophosphocholine,NA,NA,0,0,0,0
Smp,KM1906S4C28D15,190715,1,5,Guanine_13C-5 15N-1,Guanine,HILICPos,158.071041,0,0,0,0
Smp,KM1906S4C28D15,190715,1,5,Guanosine_13C-5 15N-1,Guanosine,NA,NA,0,0,0,0
Smp,KM1906S4C28D15,190715,1,5,Homarine_13C-5 15N-1,Homarine,HILICPos,144.069309,0,0,0,0
Smp,KM1906S4C28D15,190715,1,5,L-Arginine_13C-5 15N-1,L-Arginine,HILICPos,181.13330700000003,0,0,0,0
Smp,KM1906S4C28D15,190715,1,5,L-Glutamic acid_13C-5 15N-1,L-Glutamic acid,NA,NA,0,0,0,0
Smp,KM1906S4C28D15,190715,1,5,L-Glutamine_13C-5 15N-1,L-Glutamine,HILICPos,153.090774,0,0,0,0
Smp,KM1906S4C28D15,190715,1,5,L-Leucine_13C-5 15N-1,L-Leucine,NA,NA,0,0,0,0
Smp,KM1906S4C28D15,190715,1,5,L-Methionine_13C-5 15N-1,L-Methionine,HILICPos,156.07268200000001,0,0,0,0
Smp,KM1906S4C28D15,190715,1,5,L-Proline_13C-5 15N-1,L-Proline,NA,NA,0,0,0,0
Smp,KM1906S4C28D15,190715,1,5,O-Acetylcarnitine_13C-5 15N-1,O-Acetylcarnitine,HILICPos,210.13739,0,0,0,0
Smp,KM1906S4C28D15,190715,1,5,Proline betaine_13C-5 15N-1,Proline betaine,NA,NA,0,0,0,0
Smp,KM1906S4C28D15,190715,1,5,Trigonelline_13C-5 15N-1,Trigonelline,NA,NA,0,0,0,0
Smp,KM1906S4C28D15,190715,1,6,Carnitine_13C-6 15N-1,Carnitine,NA,NA,0,0,0,0
Smp,KM1906S4C28D15,190715,1,7,Carnitine_13C-7 15N-1,Carnitine,NA,NA,0,0,0,0
Smp,KM1906U12,190715,0,0,(3-Carboxypropyl)trimethylammonium_13C-0 15N-0,(3-Carboxypropyl)trimethylammonium,HILICPos,146.118104,0.9302315475370693,0.0015440486543413048,70223492,38581457.439955585
Smp,KM1906U12,190715,0,0,Adenine_13C-0 15N-0,Adenine,HILICPos,136.06232,0.9483170152225592,4.6230572510571406e-4,269466411.3333333,133195739.24673629
Smp,KM1906U12,190715,0,0,Adenosine_13C-0 15N-0,Adenosine,HILICPos,268.10458,0.8868544225178281,4.7733584181990904e-4,552113376,99417879.30367874
Smp,KM1906U12,190715,0,0,beta-Alanine_13C-0 15N-0,beta-Alanine,HILICPos,90.055504,0.969623721792937,8.142912874089986e-4,25660989.666666668,3040632.6457658997
Smp,KM1906U12,190715,0,0,beta-Alaninebetaine_13C-0 15N-0,beta-Alaninebetaine,HILICPos,132.1018,0.9346795657114881,1.490045829782424e-4,895956306.6666666,130249075.28957951
Smp,KM1906U12,190715,0,0,Betonicine_13C-0 15N-0,Betonicine,HILICPos,160.097369,0.9311939947059652,0.008619242023415997,54845641.333333336,9785364.285702875
Smp,KM1906U12,190715,0,0,Carnitine_13C-0 15N-0,Carnitine,NA,NA,0.932484820934782,0.0015827189692818305,202044896,42449780.62000094
Smp,KM1906U12,190715,0,0,Creatine_13C-0 15N-0,Creatine,NA,NA,0.9486886569612706,0.00116145469949857,302015728,150953158.07858405
Smp,KM1906U12,190715,0,0,Cytosine_13C-0 15N-0,Cytosine,NA,NA,0.9480675884625888,0.003574123971945212,87248709.33333333,51653691.42542768
Smp,KM1906U12,190715,0,0,Deoxyadenosine_13C-0 15N-0,Deoxyadenosine,HILICPos,252.109665,0.9017585089846768,0.019122541329372623,408177658.3333333,382455596.07533634
Smp,KM1906U12,190715,0,0,Glycerophosphocholine_13C-0 15N-0,Glycerophosphocholine,HILICPos,258.110652,0.9196988568209525,0.001266014370688496,289613148.6666667,151619176.8466096
Smp,KM1906U12,190715,0,0,Glycine betaine_13C-0 15N-0,Glycine betaine,NA,NA,0.9415516386748524,2.064205323986153e-4,8472944640,660803869.4489276
Smp,KM1906U12,190715,0,0,Guanine_13C-0 15N-0,Guanine,NA,NA,0.9312201497974177,9.373676594161181e-4,536102368,83875534.59669097
Smp,KM1906U12,190715,0,0,Guanosine_13C-0 15N-0,Guanosine,HILICPos,284.099495,0.9165673633579537,0.012914751432174996,11738063.333333334,5303274.108984216
Smp,KM1906U12,190715,0,0,Homarine_13C-0 15N-0,Homarine,HILICPos,138.055503,0.923789426069579,1.7693322596117652e-4,5994972187.666667,497702841.3037833
Smp,KM1906U12,190715,0,0,L-Alanine_13C-0 15N-0,L-Alanine,NA,NA,0.972413608326771,0.0031588341588201724,23464418.666666668,4207747.850101445
Smp,KM1906U12,190715,0,0,L-Arginine_13C-0 15N-0,L-Arginine,HILICPos,175.119501,0.9402650448592327,0.01875671970594597,52153486.666666664,22313259.600022346
Smp,KM1906U12,190715,0,0,L-Glutamic acid_13C-0 15N-0,L-Glutamic acid,HILICPos,148.060984,0.9454266724110961,3.932034378742784e-4,147936744.66666666,9747002.544163274
Smp,KM1906U12,190715,0,0,L-Glutamine_13C-0 15N-0,L-Glutamine,HILICPos,147.076968,0.9452921497166222,0.0024552112875713588,64791870.666666664,8302378.370900072
Smp,KM1906U12,190715,0,0,L-Leucine_13C-0 15N-0,L-Leucine,NA,NA,0.9141581011649683,0.01364825596045076,31006004,4375806.164826317
Smp,KM1906U12,190715,0,0,L-Methionine_13C-0 15N-0,L-Methionine,HILICPos,150.058876,0.9572186081239303,0.004356577388961061,21519495,9262060.973275818
Smp,KM1906U12,190715,0,0,L-Proline_13C-0 15N-0,L-Proline,NA,NA,0.9448133972050957,5.336094922109793e-4,353782346.6666667,14920940.904897565
Smp,KM1906U12,190715,0,0,O-Acetylcarnitine_13C-0 15N-0,O-Acetylcarnitine,HILICPos,204.123584,0.9585282244234337,0.05864994747607332,14724966,3091950.2657452305
Smp,KM1906U12,190715,0,0,Proline betaine_13C-0 15N-0,Proline betaine,NA,NA,0.9333970161510804,8.067739349143278e-4,82797304,22137837.634372152
Smp,KM1906U12,190715,0,0,Sarcosine_13C-0 15N-0,Sarcosine,HILICPos,90.055504,0.998333029966287,0.0028872767930855987,2059124,381493.1130020567
Smp,KM1906U12,190715,0,0,Taurine_13C-0 15N-0,Taurine,HILICPos,126.022491,0.9810322667545931,0.0011503251141256907,56263594.666666664,9330914.03317067
Smp,KM1906U12,190715,0,0,Trigonelline_13C-0 15N-0,Trigonelline,NA,NA,0.9248430378863159,7.320542538033107e-4,571910506.6666666,105033468.42802878
Smp,KM1906U12,190715,0,0,Trimethylamine N-oxide_13C-0 15N-0,Trimethylamine N-oxide,HILICPos,76.076239,0.9639299407704037,9.236399882121762e-4,1354420159.6666667,969430782.9007789
Smp,KM1906U12,190715,0,1,(3-Carboxypropyl)trimethylammonium_13C-1 15N-0,(3-Carboxypropyl)trimethylammonium,HILICPos,147.121458,0.0697684524629307,0.0015440486543413464,5309172,3038709.825816871
Smp,KM1906U12,190715,0,1,Adenine_13C-1 15N-0,Adenine,HILICPos,137.065674,0.051682984777440835,4.623057251057169e-4,14721887.666666666,7333721.975216427
Smp,KM1906U12,190715,0,1,Adenosine_13C-1 15N-0,Adenosine,HILICPos,269.107934,0.09350449287894223,4.4841846991799407e-4,58175703.333333336,10207006.639421243
Smp,KM1906U12,190715,0,1,beta-Alanine_13C-1 15N-0,beta-Alanine,HILICPos,91.058858,0.030184266979369188,0.00106424811790363,798275.6666666666,91722.70561498572
Smp,KM1906U12,190715,0,1,beta-Alaninebetaine_13C-1 15N-0,beta-Alaninebetaine,HILICPos,133.105154,0.0609359162132257,5.539628883850815e-5,58417106.333333336,8555740.867098145
Smp,KM1906U12,190715,0,1,Betonicine_13C-1 15N-0,Betonicine,HILICPos,161.100723,0.0687282112596764,0.008750090957206445,4092817.3333333335,1183707.3644978025
Smp,KM1906U12,190715,0,1,Carnitine_13C-1 15N-0,Carnitine,NA,NA,0.06751517906521792,0.001582718969281815,14630991,3092962.289236162
Smp,KM1906U12,190715,0,1,Creatine_13C-1 15N-0,Creatine,NA,NA,0.04121349782795973,6.401294965452131e-4,13190517,6802952.181620785
Smp,KM1906U12,190715,0,1,Cytosine_13C-1 15N-0,Cytosine,NA,NA,0.04292042921816745,0.004679462546891724,3974461.6666666665,2503236.5785223604
Smp,KM1906U12,190715,0,1,Deoxyadenosine_13C-1 15N-0,Deoxyadenosine,HILICPos,253.113019,0.08731365274260257,0.009658911968527726,42504675.333333336,40430772.95204999
Smp,KM1906U12,190715,0,1,Glycerophosphocholine_13C-1 15N-0,Glycerophosphocholine,HILICPos,259.114006,0.07912038142296268,9.979957530652046e-4,24910750.666666668,13018977.159821363
Smp,KM1906U12,190715,0,1,Glycine betaine_13C-1 15N-0,Glycine betaine,NA,NA,0.05199610679323447,6.77848770108457e-5,467925952,36805887.78553692
Smp,KM1906U12,190715,0,1,Guanine_13C-1 15N-0,Guanine,HILICPos,153.060589,0.05043514754409315,2.1975656261395435e-4,29045545.666666668,4629552.8101795465
Smp,KM1906U12,190715,0,1,Guanosine_13C-1 15N-0,Guanosine,NA,NA,0.07994513439951885,0.013362426416392261,1076348,588416.7171749966
Smp,KM1906U12,190715,0,1,Homarine_13C-1 15N-0,Homarine,NA,NA,0.07063620718570672,1.6438728653764783e-4,458336394.6666667,36936554.792764165
Smp,KM1906U12,190715,0,1,L-Alanine_13C-1 15N-0,L-Alanine,HILICPos,91.058858,0.02758639167322891,0.0031588341588201854,671314.6666666666,173706.35238912056
Smp,KM1906U12,190715,0,1,L-Arginine_13C-1 15N-0,L-Arginine,HILICPos,176.12285500000002,0.05070705644278771,0.015448583186703514,3079310.6666666665,1899047.5199879368
Smp,KM1906U12,190715,0,1,L-Glutamic acid_13C-1 15N-0,L-Glutamic acid,HILICPos,149.064338,0.052938640843099724,6.413272201649087e-4,8281190,494517.4816151599
Smp,KM1906U12,190715,0,1,L-Glutamine_13C-1 15N-0,L-Glutamine,HILICPos,148.080322,0.050819034499483495,0.001666617049601673,3475329.6666666665,361311.5660705222
Smp,KM1906U12,190715,0,1,L-Leucine_13C-1 15N-0,L-Leucine,HILICPos,133.105808,0.08549882211338891,0.013369572518940595,2949670.6666666665,860884.0308928569
Smp,KM1906U12,190715,0,1,L-Methionine_13C-1 15N-0,L-Methionine,HILICPos,151.06223,0.04278139187606959,0.004356577388961058,991261,503019.6502593114
Smp,KM1906U12,190715,0,1,L-Proline_13C-1 15N-0,L-Proline,NA,NA,0.051806707728986844,4.814991364550365e-4,19404027.333333332,1001884.1324710824
Smp,KM1906U12,190715,0,1,O-Acetylcarnitine_13C-1 15N-0,O-Acetylcarnitine,HILICPos,205.126938,0.04147177557656627,0.0586499474760733,764775,1081555.1771638838
Smp,KM1906U12,190715,0,1,Proline betaine_13C-1 15N-0,Proline betaine,NA,NA,0.06649275905173344,7.753001440749291e-4,5910258.666666667,1655787.20189532
Smp,KM1906U12,190715,0,1,Sarcosine_13C-1 15N-0,Sarcosine,HILICPos,91.058858,0.0016669700337129155,0.002887276793085574,3049.6666666666665,5282.177612815886
Smp,KM1906U12,190715,0,1,Taurine_13C-1 15N-0,Taurine,NA,NA,0.01896773324540689,0.001150325114125697,1090262.6666666667,212038.8497995906
Smp,KM1906U12,190715,0,1,Trigonelline_13C-1 15N-0,Trigonelline,NA,NA,0.07087273948657044,7.519062784852343e-4,43861984,8387990.984830635
Smp,KM1906U12,190715,0,1,Trimethylamine N-oxide_13C-1 15N-0,Trimethylamine N-oxide,HILICPos,77.079593,0.032521952802017924,6.564809020102635e-4,46158433,34037812.642470844
Smp,KM1906U12,190715,0,2,(3-Carboxypropyl)trimethylammonium_13C-2 15N-0,(3-Carboxypropyl)trimethylammonium,NA,NA,0,0,0,0
Smp,KM1906U12,190715,0,2,Adenine_13C-2 15N-0,Adenine,NA,NA,0,0,0,0
Smp,KM1906U12,190715,0,2,Adenosine_13C-2 15N-0,Adenosine,HILICPos,270.111288,0.008176260535149091,1.8905696904864192e-4,5103650.333333333,1018026.8965043769
Smp,KM1906U12,190715,0,2,beta-Alanine_13C-2 15N-0,beta-Alanine,NA,NA,0,0,0,0
Smp,KM1906U12,190715,0,2,beta-Alaninebetaine_13C-2 15N-0,beta-Alaninebetaine,NA,NA,0.0012956575376066115,2.421478963664262e-5,1240013,159020.20878177715
Smp,KM1906U12,190715,0,2,Betonicine_13C-2 15N-0,Betonicine,HILICPos,162.104077,0,0,0,0
Smp,KM1906U12,190715,0,2,Carnitine_13C-2 15N-0,Carnitine,HILICPos,164.119727,0,0,0,0
Smp,KM1906U12,190715,0,2,Creatine_13C-2 15N-0,Creatine,NA,NA,2.2233099200880233e-4,1.928445452036307e-4,88136.66666666667,84034.02354007175
Smp,KM1906U12,190715,0,2,Cytosine_13C-2 15N-0,Cytosine,NA,NA,0,0,0,0
Smp,KM1906U12,190715,0,2,Deoxyadenosine_13C-2 15N-0,Deoxyadenosine,NA,NA,0.004069335039390655,0.0035248260137803224,2758190.3333333335,2728303.9537618114
Smp,KM1906U12,190715,0,2,Glycerophosphocholine_13C-2 15N-0,Glycerophosphocholine,HILICPos,260.11736,0,0,0,0
Smp,KM1906U12,190715,0,2,Glycine betaine_13C-2 15N-0,Glycine betaine,HILICPos,120.093512,0.0011230910349853968,1.5880947868972162e-5,10106037,789530.3763909277
Smp,KM1906U12,190715,0,2,Guanine_13C-2 15N-0,Guanine,NA,NA,2.394070050438831e-4,1.1240911047483384e-4,144537,80942.9994069901
Smp,KM1906U12,190715,0,2,Guanosine_13C-2 15N-0,Guanosine,NA,NA,0.0019833007290796347,0.0014459647764538633,20116.333333333332,5602.190404951739
Smp,KM1906U12,190715,0,2,Homarine_13C-2 15N-0,Homarine,NA,NA,0.0019519025113964798,3.106565636777595e-5,12666014.666666666,1044232.2572753312
Smp,KM1906U12,190715,0,2,L-Alanine_13C-2 15N-0,L-Alanine,NA,NA,0,0,0,0
Smp,KM1906U12,190715,0,2,L-Arginine_13C-2 15N-0,L-Arginine,HILICPos,177.12620900000002,0,0,0,0
Smp,KM1906U12,190715,0,2,L-Glutamic acid_13C-2 15N-0,L-Glutamic acid,HILICPos,150.067692,0,0,0,0
Smp,KM1906U12,190715,0,2,L-Glutamine_13C-2 15N-0,L-Glutamine,HILICPos,149.083676,0,0,0,0
Smp,KM1906U12,190715,0,2,L-Leucine_13C-2 15N-0,L-Leucine,NA,NA,3.4307672164282833e-4,5.942263127795438e-4,12146.666666666666,21038.64380926996
Smp,KM1906U12,190715,0,2,L-Methionine_13C-2 15N-0,L-Methionine,HILICPos,152.065584,0,0,0,0
Smp,KM1906U12,190715,0,2,L-Proline_13C-2 15N-0,L-Proline,NA,NA,6.656989559109887e-4,7.521558232708312e-5,250010,38039.497486165616
Smp,KM1906U12,190715,0,2,O-Acetylcarnitine_13C-2 15N-0,O-Acetylcarnitine,HILICPos,206.130292,0,0,0,0
Smp,KM1906U12,190715,0,2,Proline betaine_13C-2 15N-0,Proline betaine,NA,NA,1.1022479718612169e-4,1.1659271429702163e-4,9376.333333333334,8543.324899202495
Smp,KM1906U12,190715,0,2,Sarcosine_13C-2 15N-0,Sarcosine,NA,NA,0,0,0,0
Smp,KM1906U12,190715,0,2,Taurine_13C-2 15N-0,Taurine,NA,NA,0,0,0,0
Smp,KM1906U12,190715,0,2,Trigonelline_13C-2 15N-0,Trigonelline,NA,NA,0.0015878019970003976,1.018196098598871e-4,989684,243422.4290015199
Smp,KM1906U12,190715,0,2,Trimethylamine N-oxide_13C-2 15N-0,Trimethylamine N-oxide,NA,NA,1.7498258523963948e-4,1.1963746877057252e-4,325961.6666666667,404469.4949020672
Smp,KM1906U12,190715,0,3,(3-Carboxypropyl)trimethylammonium_13C-3 15N-0,(3-Carboxypropyl)trimethylammonium,NA,NA,0,0,0,0
Smp,KM1906U12,190715,0,3,Adenine_13C-3 15N-0,Adenine,NA,NA,0,0,0,0
Smp,KM1906U12,190715,0,3,Adenosine_13C-3 15N-0,Adenosine,HILICPos,271.114642,0,0,0,0
Smp,KM1906U12,190715,0,3,beta-Alanine_13C-3 15N-0,beta-Alanine,NA,NA,0,0,0,0
Smp,KM1906U12,190715,0,3,beta-Alaninebetaine_13C-3 15N-0,beta-Alaninebetaine,NA,NA,0,0,0,0
Smp,KM1906U12,190715,0,3,Betonicine_13C-3 15N-0,Betonicine,HILICPos,163.107431,0,0,0,0
Smp,KM1906U12,190715,0,3,Carnitine_13C-3 15N-0,Carnitine,NA,NA,0,0,0,0
Smp,KM1906U12,190715,0,3,Creatine_13C-3 15N-0,Creatine,NA,NA,0,0,0,0
Smp,KM1906U12,190715,0,3,Cytosine_13C-3 15N-0,Cytosine,HILICPos,115.061149,0,0,0,0
Smp,KM1906U12,190715,0,3,Deoxyadenosine_13C-3 15N-0,Deoxyadenosine,HILICPos,255.119727,0,0,0,0
Smp,KM1906U12,190715,0,3,Glycerophosphocholine_13C-3 15N-0,Glycerophosphocholine,NA,NA,5.322432066916033e-4,4.618565828030803e-4,217995.66666666666,188803.9967435365
Smp,KM1906U12,190715,0,3,Glycine betaine_13C-3 15N-0,Glycine betaine,NA,NA,0,0,0,0
Smp,KM1906U12,190715,0,3,Guanine_13C-3 15N-0,Guanine,NA,NA,3.635648728778714e-5,6.297128316717934e-5,22326,38669.76632978275
Smp,KM1906U12,190715,0,3,Guanosine_13C-3 15N-0,Guanosine,HILICPos,287.109557,0,0,0,0
Smp,KM1906U12,190715,0,3,Homarine_13C-3 15N-0,Homarine,HILICPos,141.065565,0,0,0,0
Smp,KM1906U12,190715,0,3,L-Alanine_13C-3 15N-0,L-Alanine,NA,NA,0,0,0,0
Smp,KM1906U12,190715,0,3,L-Arginine_13C-3 15N-0,L-Arginine,NA,NA,0,0,0,0
Smp,KM1906U12,190715,0,3,L-Glutamic acid_13C-3 15N-0,L-Glutamic acid,NA,NA,0,0,0,0
Smp,KM1906U12,190715,0,3,L-Glutamine_13C-3 15N-0,L-Glutamine,NA,NA,0,0,0,0
Smp,KM1906U12,190715,0,3,L-Leucine_13C-3 15N-0,L-Leucine,NA,NA,0,0,0,0
Smp,KM1906U12,190715,0,3,L-Methionine_13C-3 15N-0,L-Methionine,NA,NA,0,0,0,0
Smp,KM1906U12,190715,0,3,L-Proline_13C-3 15N-0,L-Proline,HILICPos,119.08121600000001,0,0,0,0
Smp,KM1906U12,190715,0,3,O-Acetylcarnitine_13C-3 15N-0,O-Acetylcarnitine,NA,NA,0,0,0,0
Smp,KM1906U12,190715,0,3,Proline betaine_13C-3 15N-0,Proline betaine,NA,NA,0,0,0,0
Smp,KM1906U12,190715,0,3,Sarcosine_13C-3 15N-0,Sarcosine,NA,NA,0,0,0,0
Smp,KM1906U12,190715,0,3,Trigonelline_13C-3 15N-0,Trigonelline,NA,NA,4.705918446295371e-4,4.111392379967462e-4,266525.6666666667,241679.290900841
Smp,KM1906U12,190715,0,3,Trimethylamine N-oxide_13C-3 15N-0,Trimethylamine N-oxide,HILICPos,79.086301,0,0,0,0
Smp,KM1906U12,190715,0,4,(3-Carboxypropyl)trimethylammonium_13C-4 15N-0,(3-Carboxypropyl)trimethylammonium,NA,NA,0,0,0,0
Smp,KM1906U12,190715,0,4,Adenine_13C-4 15N-0,Adenine,HILICPos,140.075736,0,0,0,0
Smp,KM1906U12,190715,0,4,Adenosine_13C-4 15N-0,Adenosine,HILICPos,272.117996,0,0,0,0
Smp,KM1906U12,190715,0,4,beta-Alaninebetaine_13C-4 15N-0,beta-Alaninebetaine,NA,NA,0,0,0,0
Smp,KM1906U12,190715,0,4,Betonicine_13C-4 15N-0,Betonicine,NA,NA,0,0,0,0
Smp,KM1906U12,190715,0,4,Carnitine_13C-4 15N-0,Carnitine,NA,NA,0,0,0,0
Smp,KM1906U12,190715,0,4,Creatine_13C-4 15N-0,Creatine,NA,NA,0,0,0,0
Smp,KM1906U12,190715,0,4,Cytosine_13C-4 15N-0,Cytosine,NA,NA,0,0,0,0
Smp,KM1906U12,190715,0,4,Deoxyadenosine_13C-4 15N-0,Deoxyadenosine,HILICPos,256.123081,0,0,0,0
Smp,KM1906U12,190715,0,4,Glycerophosphocholine_13C-4 15N-0,Glycerophosphocholine,NA,NA,0,0,0,0
Smp,KM1906U12,190715,0,4,Glycine betaine_13C-4 15N-0,Glycine betaine,NA,NA,0,0,0,0
Smp,KM1906U12,190715,0,4,Guanine_13C-4 15N-0,Guanine,NA,NA,0,0,0,0
Smp,KM1906U12,190715,0,4,Guanosine_13C-4 15N-0,Guanosine,NA,NA,0,0,0,0
Smp,KM1906U12,190715,0,4,Homarine_13C-4 15N-0,Homarine,HILICPos,142.068919,0,0,0,0
Smp,KM1906U12,190715,0,4,L-Arginine_13C-4 15N-0,L-Arginine,NA,NA,0,0,0,0
Smp,KM1906U12,190715,0,4,L-Glutamic acid_13C-4 15N-0,L-Glutamic acid,HILICPos,152.0744,0,0,0,0
Smp,KM1906U12,190715,0,4,L-Glutamine_13C-4 15N-0,L-Glutamine,NA,NA,0,0,0,0
Smp,KM1906U12,190715,0,4,L-Leucine_13C-4 15N-0,L-Leucine,NA,NA,0,0,0,0
Smp,KM1906U12,190715,0,4,L-Methionine_13C-4 15N-0,L-Methionine,HILICPos,154.072292,0,0,0,0
Smp,KM1906U12,190715,0,4,L-Proline_13C-4 15N-0,L-Proline,HILICPos,120.08457000000001,0,0,0,0
Smp,KM1906U12,190715,0,4,O-Acetylcarnitine_13C-4 15N-0,O-Acetylcarnitine,NA,NA,0,0,0,0
Smp,KM1906U12,190715,0,4,Proline betaine_13C-4 15N-0,Proline betaine,NA,NA,0,0,0,0
Smp,KM1906U12,190715,0,4,Trigonelline_13C-4 15N-0,Trigonelline,HILICPos,142.068919,0,0,0,0
Smp,KM1906U12,190715,0,5,(3-Carboxypropyl)trimethylammonium_13C-5 15N-0,(3-Carboxypropyl)trimethylammonium,NA,NA,0,0,0,0
Smp,KM1906U12,190715,0,5,Adenine_13C-5 15N-0,Adenine,NA,NA,0,0,0,0
Smp,KM1906U12,190715,0,5,Adenosine_13C-5 15N-0,Adenosine,HILICPos,273.12135,0,0,0,0
Smp,KM1906U12,190715,0,5,beta-Alaninebetaine_13C-5 15N-0,beta-Alaninebetaine,NA,NA,0,0,0,0
Smp,KM1906U12,190715,0,5,Betonicine_13C-5 15N-0,Betonicine,HILICPos,165.114139,0,0,0,0
Smp,KM1906U12,190715,0,5,Carnitine_13C-5 15N-0,Carnitine,HILICPos,167.12978900000002,0,0,0,0
Smp,KM1906U12,190715,0,5,Deoxyadenosine_13C-5 15N-0,Deoxyadenosine,HILICPos,257.126435,0,0,0,0
Smp,KM1906U12,190715,0,5,Glycerophosphocholine_13C-5 15N-0,Glycerophosphocholine,HILICPos,263.127422,0,0,0,0
Smp,KM1906U12,190715,0,5,Glycine betaine_13C-5 15N-0,Glycine betaine,NA,NA,4.6193510932874556e-4,4.710789356374525e-5,4135088.3333333335,104200.22265011401
Smp,KM1906U12,190715,0,5,Guanine_13C-5 15N-0,Guanine,NA,NA,0,0,0,0
Smp,KM1906U12,190715,0,5,Guanosine_13C-5 15N-0,Guanosine,NA,NA,0,0,0,0
Smp,KM1906U12,190715,0,5,Homarine_13C-5 15N-0,Homarine,NA,NA,0,0,0,0
Smp,KM1906U12,190715,0,5,L-Arginine_13C-5 15N-0,L-Arginine,HILICPos,180.13627100000002,0,0,0,0
Smp,KM1906U12,190715,0,5,L-Glutamic acid_13C-5 15N-0,L-Glutamic acid,HILICPos,153.077754,0,0,0,0
Smp,KM1906U12,190715,0,5,L-Glutamine_13C-5 15N-0,L-Glutamine,HILICPos,152.093738,0,0,0,0
Smp,KM1906U12,190715,0,5,L-Leucine_13C-5 15N-0,L-Leucine,NA,NA,0,0,0,0
Smp,KM1906U12,190715,0,5,L-Methionine_13C-5 15N-0,L-Methionine,NA,NA,0,0,0,0
Smp,KM1906U12,190715,0,5,L-Proline_13C-5 15N-0,L-Proline,HILICPos,121.087924,0,0,0,0
Smp,KM1906U12,190715,0,5,O-Acetylcarnitine_13C-5 15N-0,O-Acetylcarnitine,HILICPos,209.140354,0,0,0,0
Smp,KM1906U12,190715,0,5,Proline betaine_13C-5 15N-0,Proline betaine,NA,NA,0,0,0,0
Smp,KM1906U12,190715,0,5,Trigonelline_13C-5 15N-0,Trigonelline,NA,NA,0,0,0,0
Smp,KM1906U12,190715,0,6,Carnitine_13C-6 15N-0,Carnitine,NA,NA,0,0,0,0
Smp,KM1906U12,190715,1,0,(3-Carboxypropyl)trimethylammonium_13C-0 15N-1,(3-Carboxypropyl)trimethylammonium,HILICPos,147.11514,0,0,0,0
Smp,KM1906U12,190715,1,0,Adenine_13C-0 15N-1,Adenine,HILICPos,137.059356,0,0,0,0
Smp,KM1906U12,190715,1,0,Adenosine_13C-0 15N-1,Adenosine,HILICPos,269.101616,0.01146482406808056,2.1142450509446887e-4,7121328.333333333,1163439.953401263
Smp,KM1906U12,190715,1,0,beta-Alanine_13C-0 15N-1,beta-Alanine,HILICPos,91.05254,1.9201122769386858e-4,3.3257320198945664e-4,4829.666666666667,8365.228050288488
Smp,KM1906U12,190715,1,0,beta-Alaninebetaine_13C-0 15N-1,beta-Alaninebetaine,HILICPos,133.098836,0.0030367704613155594,1.0976487592771865e-4,2921085.6666666665,536671.6612197194
Smp,KM1906U12,190715,1,0,Betonicine_13C-0 15N-1,Betonicine,HILICPos,161.094405,0,0,0,0
Smp,KM1906U12,190715,1,0,Carnitine_13C-0 15N-1,Carnitine,HILICPos,163.11005500000002,0,0,0,0
Smp,KM1906U12,190715,1,0,Creatine_13C-0 15N-1,Creatine,HILICPos,133.074338,0.009818236596923989,4.508490284442474e-4,3167854.6666666665,1678639.1831532272
Smp,KM1906U12,190715,1,0,Cytosine_13C-0 15N-1,Cytosine,NA,NA,0.009011982319243796,0.0020538352577893684,876892,582565.3671709296
Smp,KM1906U12,190715,1,0,Deoxyadenosine_13C-0 15N-1,Deoxyadenosine,HILICPos,253.10670100000002,0.006843476305807964,0.005930233480100845,4651077.333333333,4627584.677408435
Smp,KM1906U12,190715,1,0,Glycerophosphocholine_13C-0 15N-1,Glycerophosphocholine,NA,NA,5.731875194727028e-4,4.0741739199962924e-4,223252.33333333334,192465.46456529113
Smp,KM1906U12,190715,1,0,Glycine betaine_13C-0 15N-1,Glycine betaine,NA,NA,0.003407935608126713,4.9123257987047677e-5,30648764,2055409.939766761
Smp,KM1906U12,190715,1,0,Guanine_13C-0 15N-1,Guanine,HILICPos,153.054271,0.013374857203400963,0.001073961251272644,7662419,1021709.7056654595
Smp,KM1906U12,190715,1,0,Guanosine_13C-0 15N-1,Guanosine,HILICPos,285.09653099999997,7.290540860469788e-4,0.0012627587184990594,12466.666666666666,21592.900067692004
Smp,KM1906U12,190715,1,0,Homarine_13C-0 15N-1,Homarine,NA,NA,0.0034240813648486698,7.564767275853373e-5,22225573.333333332,2014354.4748373693
Smp,KM1906U12,190715,1,0,L-Alanine_13C-0 15N-1,L-Alanine,NA,NA,0,0,0,0
Smp,KM1906U12,190715,1,0,L-Arginine_13C-0 15N-1,L-Arginine,HILICPos,176.11653700000002,0.00902789869797958,0.003336860152646919,556055.6666666666,356987.95847525913
Smp,KM1906U12,190715,1,0,L-Glutamic acid_13C-0 15N-1,L-Glutamic acid,NA,NA,0.001634686745804182,3.1565771267862033e-4,257695.33333333334,66006.18302351177
Smp,KM1906U12,190715,1,0,L-Glutamine_13C-0 15N-1,L-Glutamine,HILICPos,148.074004,0.0038888157838942276,7.950356094891492e-4,263503,45162.57570156955
Smp,KM1906U12,190715,1,0,L-Leucine_13C-0 15N-1,L-Leucine,HILICPos,133.09949,0,0,0,0
Smp,KM1906U12,190715,1,0,L-Methionine_13C-0 15N-1,L-Methionine,NA,NA,0,0,0,0
Smp,KM1906U12,190715,1,0,L-Proline_13C-0 15N-1,L-Proline,NA,NA,0.002714196110006458,5.711396495744897e-5,1016262,46200.32312657564
Smp,KM1906U12,190715,1,0,O-Acetylcarnitine_13C-0 15N-1,O-Acetylcarnitine,HILICPos,205.12062,0,0,0,0
Smp,KM1906U12,190715,1,0,Proline betaine_13C-0 15N-1,Proline betaine,HILICPos,145.09949,0,0,0,0
Smp,KM1906U12,190715,1,0,Sarcosine_13C-0 15N-1,Sarcosine,NA,NA,0,0,0,0
Smp,KM1906U12,190715,1,0,Taurine_13C-0 15N-1,Taurine,NA,NA,0,0,0,0
Smp,KM1906U12,190715,1,0,Trigonelline_13C-0 15N-1,Trigonelline,HILICPos,139.052539,0.0021851949284074205,3.323169663860422e-4,1376528.6666666667,456866.40031231596
Smp,KM1906U12,190715,1,0,Trimethylamine N-oxide_13C-0 15N-1,Trimethylamine N-oxide,HILICPos,77.073275,0.003373123842338727,1.6621044894969843e-4,4837758.333333333,3655180.8240417237
Smp,KM1906U12,190715,1,1,(3-Carboxypropyl)trimethylammonium_13C-1 15N-1,(3-Carboxypropyl)trimethylammonium,NA,NA,0,0,0,0
Smp,KM1906U12,190715,1,1,Adenine_13C-1 15N-1,Adenine,HILICPos,138.06271,0,0,0,0
Smp,KM1906U12,190715,1,1,Adenosine_13C-1 15N-1,Adenosine,HILICPos,270.10497,0,0,0,0
Smp,KM1906U12,190715,1,1,beta-Alanine_13C-1 15N-1,beta-Alanine,NA,NA,0,0,0,0
Smp,KM1906U12,190715,1,1,beta-Alaninebetaine_13C-1 15N-1,beta-Alaninebetaine,NA,NA,3.737201178294539e-5,2.1060222813933524e-5,37386,25447.275453376144
Smp,KM1906U12,190715,1,1,Betonicine_13C-1 15N-1,Betonicine,NA,NA,0,0,0,0
Smp,KM1906U12,190715,1,1,Carnitine_13C-1 15N-1,Carnitine,NA,NA,0,0,0,0
Smp,KM1906U12,190715,1,1,Creatine_13C-1 15N-1,Creatine,NA,NA,5.7277621836899404e-5,1.8884279731725408e-5,17954.666666666668,11154.142384483594
Smp,KM1906U12,190715,1,1,Cytosine_13C-1 15N-1,Cytosine,NA,NA,0,0,0,0
Smp,KM1906U12,190715,1,1,Deoxyadenosine_13C-1 15N-1,Deoxyadenosine,HILICPos,254.11005500000002,0,0,0,0
Smp,KM1906U12,190715,1,1,Glycerophosphocholine_13C-1 15N-1,Glycerophosphocholine,HILICPos,260.111042,0,0,0,0
Smp,KM1906U12,190715,1,1,Glycine betaine_13C-1 15N-1,Glycine betaine,NA,NA,1.4059650454607115e-4,1.7752056279958167e-5,1271940.6666666667,240801.180747382
Smp,KM1906U12,190715,1,1,Guanine_13C-1 15N-1,Guanine,NA,NA,0.004694081962756432,5.117743624562251e-4,2679666.6666666665,309459.54953811545
Smp,KM1906U12,190715,1,1,Guanosine_13C-1 15N-1,Guanosine,NA,NA,7.751474274007587e-4,7.220815084039358e-4,12738.666666666666,12249.063243094688
Smp,KM1906U12,190715,1,1,Homarine_13C-1 15N-1,Homarine,HILICPos,140.055893,1.9838286846905423e-4,3.3691789842566595e-5,1275667.3333333333,126108.78494908012
Smp,KM1906U12,190715,1,1,L-Alanine_13C-1 15N-1,L-Alanine,NA,NA,0,0,0,0
Smp,KM1906U12,190715,1,1,L-Arginine_13C-1 15N-1,L-Arginine,NA,NA,0,0,0,0
Smp,KM1906U12,190715,1,1,L-Glutamic acid_13C-1 15N-1,L-Glutamic acid,NA,NA,0,0,0,0
Smp,KM1906U12,190715,1,1,L-Glutamine_13C-1 15N-1,L-Glutamine,NA,NA,0,0,0,0
Smp,KM1906U12,190715,1,1,L-Leucine_13C-1 15N-1,L-Leucine,HILICPos,134.102844,0,0,0,0
Smp,KM1906U12,190715,1,1,L-Methionine_13C-1 15N-1,L-Methionine,NA,NA,0,0,0,0
Smp,KM1906U12,190715,1,1,L-Proline_13C-1 15N-1,L-Proline,NA,NA,0,0,0,0
Smp,KM1906U12,190715,1,1,O-Acetylcarnitine_13C-1 15N-1,O-Acetylcarnitine,HILICPos,206.123974,0,0,0,0
Smp,KM1906U12,190715,1,1,Proline betaine_13C-1 15N-1,Proline betaine,NA,NA,0,0,0,0
Smp,KM1906U12,190715,1,1,Sarcosine_13C-1 15N-1,Sarcosine,NA,NA,0,0,0,0
Smp,KM1906U12,190715,1,1,Taurine_13C-1 15N-1,Taurine,NA,NA,0,0,0,0
Smp,KM1906U12,190715,1,1,Trigonelline_13C-1 15N-1,Trigonelline,HILICPos,140.055893,4.063385707621101e-5,7.037990496348961e-5,29725.333333333332,51485.78760525407
Smp,KM1906U12,190715,1,1,Trimethylamine N-oxide_13C-1 15N-1,Trimethylamine N-oxide,NA,NA,0,0,0,0
Smp,KM1906U12,190715,1,2,(3-Carboxypropyl)trimethylammonium_13C-2 15N-1,(3-Carboxypropyl)trimethylammonium,NA,NA,0,0,0,0
Smp,KM1906U12,190715,1,2,Adenine_13C-2 15N-1,Adenine,HILICPos,139.066064,0,0,0,0
Smp,KM1906U12,190715,1,2,Adenosine_13C-2 15N-1,Adenosine,HILICPos,271.108324,0,0,0,0
Smp,KM1906U12,190715,1,2,beta-Alanine_13C-2 15N-1,beta-Alanine,NA,NA,0,0,0,0
Smp,KM1906U12,190715,1,2,beta-Alaninebetaine_13C-2 15N-1,beta-Alaninebetaine,NA,NA,1.471806458108381e-5,2.54924356435171e-5,13010.666666666666,22535.13570700947
Smp,KM1906U12,190715,1,2,Betonicine_13C-2 15N-1,Betonicine,NA,NA,0,0,0,0
Smp,KM1906U12,190715,1,2,Carnitine_13C-2 15N-1,Carnitine,HILICPos,165.11676300000002,0,0,0,0
Smp,KM1906U12,190715,1,2,Creatine_13C-2 15N-1,Creatine,HILICPos,135.08104600000001,0,0,0,0
Smp,KM1906U12,190715,1,2,Cytosine_13C-2 15N-1,Cytosine,HILICPos,115.054831,0,0,0,0
Smp,KM1906U12,190715,1,2,Deoxyadenosine_13C-2 15N-1,Deoxyadenosine,NA,NA,7.180213919937772e-6,1.2436495318545512e-5,3354,5809.298408586014
Smp,KM1906U12,190715,1,2,Glycerophosphocholine_13C-2 15N-1,Glycerophosphocholine,NA,NA,7.533102992052583e-5,7.957523295879694e-5,30520.666666666668,31600.333563640328
Smp,KM1906U12,190715,1,2,Glycine betaine_13C-2 15N-1,Glycine betaine,NA,NA,0,0,0,0
Smp,KM1906U12,190715,1,2,Guanine_13C-2 15N-1,Guanine,NA,NA,0,0,0,0
Smp,KM1906U12,190715,1,2,Guanosine_13C-2 15N-1,Guanosine,NA,NA,0,0,0,0
Smp,KM1906U12,190715,1,2,Homarine_13C-2 15N-1,Homarine,NA,NA,0,0,0,0
Smp,KM1906U12,190715,1,2,L-Alanine_13C-2 15N-1,L-Alanine,NA,NA,0,0,0,0
Smp,KM1906U12,190715,1,2,L-Arginine_13C-2 15N-1,L-Arginine,HILICPos,178.12324500000003,0,0,0,0
Smp,KM1906U12,190715,1,2,L-Glutamic acid_13C-2 15N-1,L-Glutamic acid,NA,NA,0,0,0,0
Smp,KM1906U12,190715,1,2,L-Glutamine_13C-2 15N-1,L-Glutamine,NA,NA,0,0,0,0
Smp,KM1906U12,190715,1,2,L-Leucine_13C-2 15N-1,L-Leucine,NA,NA,0,0,0,0
Smp,KM1906U12,190715,1,2,L-Methionine_13C-2 15N-1,L-Methionine,NA,NA,0,0,0,0
Smp,KM1906U12,190715,1,2,L-Proline_13C-2 15N-1,L-Proline,NA,NA,0,0,0,0
Smp,KM1906U12,190715,1,2,O-Acetylcarnitine_13C-2 15N-1,O-Acetylcarnitine,NA,NA,0,0,0,0
Smp,KM1906U12,190715,1,2,Proline betaine_13C-2 15N-1,Proline betaine,NA,NA,0,0,0,0
Smp,KM1906U12,190715,1,2,Sarcosine_13C-2 15N-1,Sarcosine,NA,NA,0,0,0,0
Smp,KM1906U12,190715,1,2,Taurine_13C-2 15N-1,Taurine,NA,NA,0,0,0,0
Smp,KM1906U12,190715,1,2,Trigonelline_13C-2 15N-1,Trigonelline,NA,NA,0,0,0,0
Smp,KM1906U12,190715,1,2,Trimethylamine N-oxide_13C-2 15N-1,Trimethylamine N-oxide,HILICPos,79.079983,0,0,0,0
Smp,KM1906U12,190715,1,3,(3-Carboxypropyl)trimethylammonium_13C-3 15N-1,(3-Carboxypropyl)trimethylammonium,NA,NA,0,0,0,0
Smp,KM1906U12,190715,1,3,Adenine_13C-3 15N-1,Adenine,HILICPos,140.069418,0,0,0,0
Smp,KM1906U12,190715,1,3,Adenosine_13C-3 15N-1,Adenosine,HILICPos,272.111678,0,0,0,0
Smp,KM1906U12,190715,1,3,beta-Alanine_13C-3 15N-1,beta-Alanine,NA,NA,0,0,0,0
Smp,KM1906U12,190715,1,3,beta-Alaninebetaine_13C-3 15N-1,beta-Alaninebetaine,NA,NA,0,0,0,0
Smp,KM1906U12,190715,1,3,Betonicine_13C-3 15N-1,Betonicine,NA,NA,0,0,0,0
Smp,KM1906U12,190715,1,3,Carnitine_13C-3 15N-1,Carnitine,NA,NA,0,0,0,0
Smp,KM1906U12,190715,1,3,Creatine_13C-3 15N-1,Creatine,HILICPos,136.08440000000002,0,0,0,0
Smp,KM1906U12,190715,1,3,Cytosine_13C-3 15N-1,Cytosine,HILICPos,116.058185,0,0,0,0
Smp,KM1906U12,190715,1,3,Deoxyadenosine_13C-3 15N-1,Deoxyadenosine,HILICPos,256.116763,0,0,0,0
Smp,KM1906U12,190715,1,3,Glycerophosphocholine_13C-3 15N-1,Glycerophosphocholine,NA,NA,0,0,0,0
Smp,KM1906U12,190715,1,3,Glycine betaine_13C-3 15N-1,Glycine betaine,NA,NA,1.8142675693564638e-5,1.1612377792053073e-5,164673,111054.9650983692
Smp,KM1906U12,190715,1,3,Guanine_13C-3 15N-1,Guanine,HILICPos,156.064333,0,0,0,0
Smp,KM1906U12,190715,1,3,Guanosine_13C-3 15N-1,Guanosine,HILICPos,288.106593,0,0,0,0
Smp,KM1906U12,190715,1,3,Homarine_13C-3 15N-1,Homarine,HILICPos,142.062601,0,0,0,0
Smp,KM1906U12,190715,1,3,L-Alanine_13C-3 15N-1,L-Alanine,NA,NA,0,0,0,0
Smp,KM1906U12,190715,1,3,L-Arginine_13C-3 15N-1,L-Arginine,NA,NA,0,0,0,0
Smp,KM1906U12,190715,1,3,L-Glutamic acid_13C-3 15N-1,L-Glutamic acid,HILICPos,152.068082,0,0,0,0
Smp,KM1906U12,190715,1,3,L-Glutamine_13C-3 15N-1,L-Glutamine,HILICPos,151.084066,0,0,0,0
Smp,KM1906U12,190715,1,3,L-Leucine_13C-3 15N-1,L-Leucine,NA,NA,0,0,0,0
Smp,KM1906U12,190715,1,3,L-Methionine_13C-3 15N-1,L-Methionine,NA,NA,0,0,0,0
Smp,KM1906U12,190715,1,3,L-Proline_13C-3 15N-1,L-Proline,NA,NA,0,0,0,0
Smp,KM1906U12,190715,1,3,O-Acetylcarnitine_13C-3 15N-1,O-Acetylcarnitine,HILICPos,208.130682,0,0,0,0
Smp,KM1906U12,190715,1,3,Proline betaine_13C-3 15N-1,Proline betaine,HILICPos,148.109552,0,0,0,0
Smp,KM1906U12,190715,1,3,Sarcosine_13C-3 15N-1,Sarcosine,NA,NA,0,0,0,0
Smp,KM1906U12,190715,1,3,Trigonelline_13C-3 15N-1,Trigonelline,HILICPos,142.062601,0,0,0,0
Smp,KM1906U12,190715,1,3,Trimethylamine N-oxide_13C-3 15N-1,Trimethylamine N-oxide,NA,NA,0,0,0,0
Smp,KM1906U12,190715,1,4,(3-Carboxypropyl)trimethylammonium_13C-4 15N-1,(3-Carboxypropyl)trimethylammonium,NA,NA,0,0,0,0
Smp,KM1906U12,190715,1,4,Adenine_13C-4 15N-1,Adenine,HILICPos,141.07277200000001,0,0,0,0
Smp,KM1906U12,190715,1,4,Adenosine_13C-4 15N-1,Adenosine,NA,NA,0,0,0,0
Smp,KM1906U12,190715,1,4,beta-Alaninebetaine_13C-4 15N-1,beta-Alaninebetaine,NA,NA,0,0,0,0
Smp,KM1906U12,190715,1,4,Betonicine_13C-4 15N-1,Betonicine,NA,NA,0,0,0,0
Smp,KM1906U12,190715,1,4,Carnitine_13C-4 15N-1,Carnitine,NA,NA,0,0,0,0
Smp,KM1906U12,190715,1,4,Creatine_13C-4 15N-1,Creatine,NA,NA,0,0,0,0
Smp,KM1906U12,190715,1,4,Cytosine_13C-4 15N-1,Cytosine,NA,NA,0,0,0,0
Smp,KM1906U12,190715,1,4,Deoxyadenosine_13C-4 15N-1,Deoxyadenosine,NA,NA,0,0,0,0
Smp,KM1906U12,190715,1,4,Glycerophosphocholine_13C-4 15N-1,Glycerophosphocholine,HILICPos,263.121104,0,0,0,0
Smp,KM1906U12,190715,1,4,Glycine betaine_13C-4 15N-1,Glycine betaine,NA,NA,0.0013005535992326994,1.0232683365233527e-4,11660520.666666666,447720.0408484451
Smp,KM1906U12,190715,1,4,Guanine_13C-4 15N-1,Guanine,NA,NA,0,0,0,0
Smp,KM1906U12,190715,1,4,Guanosine_13C-4 15N-1,Guanosine,NA,NA,0,0,0,0
Smp,KM1906U12,190715,1,4,Homarine_13C-4 15N-1,Homarine,HILICPos,143.065955,0,0,0,0
Smp,KM1906U12,190715,1,4,L-Arginine_13C-4 15N-1,L-Arginine,NA,NA,0,0,0,0
Smp,KM1906U12,190715,1,4,L-Glutamic acid_13C-4 15N-1,L-Glutamic acid,NA,NA,0,0,0,0
Smp,KM1906U12,190715,1,4,L-Glutamine_13C-4 15N-1,L-Glutamine,NA,NA,0,0,0,0
Smp,KM1906U12,190715,1,4,L-Leucine_13C-4 15N-1,L-Leucine,NA,NA,0,0,0,0
Smp,KM1906U12,190715,1,4,L-Methionine_13C-4 15N-1,L-Methionine,HILICPos,155.069328,0,0,0,0
Smp,KM1906U12,190715,1,4,L-Proline_13C-4 15N-1,L-Proline,NA,NA,0,0,0,0
Smp,KM1906U12,190715,1,4,O-Acetylcarnitine_13C-4 15N-1,O-Acetylcarnitine,NA,NA,0,0,0,0
Smp,KM1906U12,190715,1,4,Proline betaine_13C-4 15N-1,Proline betaine,NA,NA,0,0,0,0
Smp,KM1906U12,190715,1,4,Trigonelline_13C-4 15N-1,Trigonelline,NA,NA,0,0,0,0
Smp,KM1906U12,190715,1,5,(3-Carboxypropyl)trimethylammonium_13C-5 15N-1,(3-Carboxypropyl)trimethylammonium,NA,NA,0,0,0,0
Smp,KM1906U12,190715,1,5,Adenine_13C-5 15N-1,Adenine,HILICPos,142.07612600000002,0,0,0,0
Smp,KM1906U12,190715,1,5,Adenosine_13C-5 15N-1,Adenosine,HILICPos,274.118386,0,0,0,0
Smp,KM1906U12,190715,1,5,beta-Alaninebetaine_13C-5 15N-1,beta-Alaninebetaine,NA,NA,0,0,0,0
Smp,KM1906U12,190715,1,5,Betonicine_13C-5 15N-1,Betonicine,NA,NA,7.779403435836082e-5,1.3474322003443985e-4,4135,7162.030089297307
Smp,KM1906U12,190715,1,5,Carnitine_13C-5 15N-1,Carnitine,NA,NA,0,0,0,0
Smp,KM1906U12,190715,1,5,Deoxyadenosine_13C-5 15N-1,Deoxyadenosine,HILICPos,258.123471,7.846713602030983e-6,1.3590906631159457e-5,3665.3333333333335,6348.543560009125
Smp,KM1906U12,190715,1,5,Glycerophosphocholine_13C-5 15N-1,Glycerophosphocholine,NA,NA,0,0,0,0
Smp,KM1906U12,190715,1,5,Guanine_13C-5 15N-1,Guanine,HILICPos,158.071041,0,0,0,0
Smp,KM1906U12,190715,1,5,Guanosine_13C-5 15N-1,Guanosine,NA,NA,0,0,0,0
Smp,KM1906U12,190715,1,5,Homarine_13C-5 15N-1,Homarine,HILICPos,144.069309,0,0,0,0
Smp,KM1906U12,190715,1,5,L-Arginine_13C-5 15N-1,L-Arginine,HILICPos,181.13330700000003,0,0,0,0
Smp,KM1906U12,190715,1,5,L-Glutamic acid_13C-5 15N-1,L-Glutamic acid,NA,NA,0,0,0,0
Smp,KM1906U12,190715,1,5,L-Glutamine_13C-5 15N-1,L-Glutamine,HILICPos,153.090774,0,0,0,0
Smp,KM1906U12,190715,1,5,L-Leucine_13C-5 15N-1,L-Leucine,NA,NA,0,0,0,0
Smp,KM1906U12,190715,1,5,L-Methionine_13C-5 15N-1,L-Methionine,HILICPos,156.07268200000001,0,0,0,0
Smp,KM1906U12,190715,1,5,L-Proline_13C-5 15N-1,L-Proline,NA,NA,0,0,0,0
Smp,KM1906U12,190715,1,5,O-Acetylcarnitine_13C-5 15N-1,O-Acetylcarnitine,HILICPos,210.13739,0,0,0,0
Smp,KM1906U12,190715,1,5,Proline betaine_13C-5 15N-1,Proline betaine,NA,NA,0,0,0,0
Smp,KM1906U12,190715,1,5,Trigonelline_13C-5 15N-1,Trigonelline,NA,NA,0,0,0,0
Smp,KM1906U12,190715,1,6,Carnitine_13C-6 15N-1,Carnitine,NA,NA,0,0,0,0
Smp,KM1906U12,190715,1,7,Carnitine_13C-7 15N-1,Carnitine,NA,NA,0,0,0,0
