Replicate.Name,Precursor.Ion.Name,Area,Area_noBlank,Slope,Intercept,Runtype,calc.uM.in.vial.slope.only,Concenctration.uM.in.vial.with.Dilution.Correction,Environmental.Concentration.uM
191001_Std_AA_AA-IS,Histidine,19023706,18948049,8621515.571428569,1641565.678571431,Sample,2.1977631244781644,21.977631244781644,NA
200908_Smp_GBTFate1T0_A,Histidine,0,-75657,8621515.571428569,1641565.678571431,Sample,-0.00877537126427341,-0.0877537126427341,-1.755074252854682e-4
200908_Smp_GBTFate1T0_B,Histidine,108578,32921,8621515.571428569,1641565.678571431,Sample,0.0038184701665562324,0.03818470166556232,7.636940333112464e-5
200908_Smp_GBTFate1T0_C,Histidine,57742,-17915,8621515.571428569,1641565.678571431,Sample,-0.002077940920198503,-0.020779409201985028,-4.155881840397005e-5
200908_Smp_GBTFate2T0_A,Histidine,0,-75657,8621515.571428569,1641565.678571431,Sample,-0.00877537126427341,-0.0877537126427341,-1.755074252854682e-4
200908_Smp_GBTFate2T0_B,Histidine,47093,-28564,8621515.571428569,1641565.678571431,Sample,-0.003313106583564054,-0.03313106583564054,-6.626213167128108e-5
200908_Smp_GBTFate2T0_C,Histidine,152772,77115,8621515.571428569,1641565.678571431,Sample,0.00894448306230017,0.0894448306230017,1.788896612460034e-4
200908_Smp_GBTFate1Tlong_A,Histidine,307203,231546,8621515.571428569,1641565.678571431,Sample,0.026856762953295144,0.26856762953295144,5.371352590659028e-4
200908_Smp_GBTFate1Tlong_B,Histidine,363381,287724,8621515.571428569,1641565.678571431,Sample,0.033372786677264524,0.3337278667726452,6.674557335452903e-4
200908_Smp_GBTFate1Tlong_C,Histidine,0,-75657,8621515.571428569,1641565.678571431,Sample,-0.00877537126427341,-0.0877537126427341,-1.755074252854682e-4
200908_Smp_GBTFate2Tlong_A,Histidine,49185,-26472,8621515.571428569,1641565.678571431,Sample,-0.003070457830839786,-0.03070457830839786,-6.140915661679571e-5
200908_Smp_GBTFate2Tlong_B,Histidine,0,-75657,8621515.571428569,1641565.678571431,Sample,-0.00877537126427341,-0.0877537126427341,-1.755074252854682e-4
200908_Smp_GBTFate2Tlong_C,Histidine,50180,-25477,8621515.571428569,1641565.678571431,Sample,-0.002955048887741962,-0.02955048887741962,-5.910097775483924e-5
200908_Std_0uM_GBTFate1T0_A-2,Histidine,63482,-12175,8621515.571428569,1641565.678571431,StandardCurve,-0.0014121647057447262,-0.014121647057447262,NA
200908_Std_0.5uM_GBTFate1T0_A-2,Histidine,6331851,6256194,8621515.571428569,1641565.678571431,StandardCurve,0.7256489822662769,7.256489822662769,NA
200908_Std_1.0uM_GBTFate1T0_A-2,Histidine,12689812,12614155,8621515.571428569,1641565.678571431,StandardCurve,1.4631018056503793,14.631018056503793,NA
200908_Std_2.5uM_GBTFate1T0_A-2,Histidine,22269808,22194151,8621515.571428569,1641565.678571431,StandardCurve,2.5742748842849297,25.742748842849295,NA
191001_Std_AA_AA-IS,Arginine,22979468,22428604,35648784.85714284,6425588.142857157,Sample,0.6291547969974086,6.291547969974086,NA
200908_Smp_GBTFate1T0_A,Arginine,552630,1766,35648784.85714284,6425588.142857157,Sample,4.953885544982753e-5,4.953885544982753e-4,9.907771089965506e-7
200908_Smp_GBTFate1T0_B,Arginine,7493684,6942820,35648784.85714284,6425588.142857157,Sample,0.19475614744856828,1.9475614744856828,0.003895122948971366
200908_Smp_GBTFate1T0_C,Arginine,2540484,1989620,35648784.85714284,6425588.142857157,Sample,0.0558117200340237,0.558117200340237,0.001116234400680474
200908_Smp_GBTFate2T0_A,Arginine,2676990,2126126,35648784.85714284,6425588.142857157,Sample,0.05964091086190261,0.5964091086190261,0.0011928182172380522
200908_Smp_GBTFate2T0_B,Arginine,3071754,2520890,35648784.85714284,6425588.142857157,Sample,0.07071461229610178,0.7071461229610178,0.0014142922459220355
200908_Smp_GBTFate2T0_C,Arginine,5047528,4496664,35648784.85714284,6425588.142857157,Sample,0.1261379319945885,1.2613793199458851,0.00252275863989177
200908_Smp_GBTFate1Tlong_A,Arginine,5007517,4456653,35648784.85714284,6425588.142857157,Sample,0.1250155655475879,1.2501556554758788,0.0025003113109517577
200908_Smp_GBTFate1Tlong_B,Arginine,9978582,9427718,35648784.85714284,6425588.142857157,Sample,0.2644611320632713,2.644611320632713,0.005289222641265426
200908_Smp_GBTFate1Tlong_C,Arginine,2408527,1857663,35648784.85714284,6425588.142857157,Sample,0.05211013523867099,0.5211013523867098,0.0010422027047734196
200908_Smp_GBTFate2Tlong_A,Arginine,3050089,2499225,35648784.85714284,6425588.142857157,Sample,0.07010687769626003,0.7010687769626003,0.0014021375539252005
200908_Smp_GBTFate2Tlong_B,Arginine,564808,13944,35648784.85714284,6425588.142857157,Sample,3.911493773456371e-4,0.00391149377345637,7.82298754691274e-6
200908_Smp_GBTFate2Tlong_C,Arginine,4459500,3908636,35648784.85714284,6425588.142857157,Sample,0.10964289570214727,1.0964289570214727,0.0021928579140429454
200908_Std_0uM_GBTFate1T0_A-2,Arginine,1575954,1025090,35648784.85714284,6425588.142857157,StandardCurve,0.028755257832991907,0.2875525783299191,NA
200908_Std_0.5uM_GBTFate1T0_A-2,Arginine,28841790,28290926,35648784.85714284,6425588.142857157,StandardCurve,0.7936014120361085,7.936014120361085,NA
200908_Std_1.0uM_GBTFate1T0_A-2,Arginine,46238140,45687276,35648784.85714284,6425588.142857157,StandardCurve,1.2815942025256934,12.815942025256934,NA
200908_Std_2.5uM_GBTFate1T0_A-2,Arginine,93845064,93294200,35648784.85714284,6425588.142857157,StandardCurve,2.6170373092340316,26.170373092340316,NA
191001_Std_AA_AA-IS,Serine,196705424,187141148,162207509.42857137,41517811.82142863,Sample,1.1537144529206167,11.537144529206167,NA
200908_Smp_GBTFate1T0_A,Serine,7740037,-1824239,162207509.42857137,41517811.82142863,Sample,-0.011246328893319885,-0.11246328893319885,-2.2492657786639769e-4
200908_Smp_GBTFate1T0_B,Serine,46522748,36958472,162207509.42857137,41517811.82142863,Sample,0.2278468619005262,2.278468619005262,0.004556937238010524
200908_Smp_GBTFate1T0_C,Serine,22507604,12943328,162207509.42857137,41517811.82142863,Sample,0.07979487537659062,0.7979487537659062,0.0015958975075318126
200908_Smp_GBTFate2T0_A,Serine,19625970,10061694,162207509.42857137,41517811.82142863,Sample,0.06202976690441512,0.6202976690441512,0.0012405953380883023
200908_Smp_GBTFate2T0_B,Serine,33049022,23484746,162207509.42857137,41517811.82142863,Sample,0.14478211324945833,1.4478211324945833,0.002895642264989167
200908_Smp_GBTFate2T0_C,Serine,36111428,26547152,162207509.42857137,41517811.82142863,Sample,0.16366167074213125,1.6366167074213125,0.0032732334148426246
200908_Smp_GBTFate1Tlong_A,Serine,38427748,28863472,162207509.42857137,41517811.82142863,Sample,0.17794165080076102,1.77941650800761,0.0035588330160152204
200908_Smp_GBTFate1Tlong_B,Serine,57657736,48093460,162207509.42857137,41517811.82142863,Sample,0.29649342480767277,2.9649342480767276,0.005929868496153455
200908_Smp_GBTFate1Tlong_C,Serine,22345742,12781466,162207509.42857137,41517811.82142863,Sample,0.07879700542241765,0.7879700542241764,0.001575940108448353
200908_Smp_GBTFate2Tlong_A,Serine,32306994,22742718,162207509.42857137,41517811.82142863,Sample,0.14020755315286332,1.402075531528633,0.0028041510630572664
200908_Smp_GBTFate2Tlong_B,Serine,9615128,50852,162207509.42857137,41517811.82142863,Sample,3.134996658239972e-4,0.0031349966582399718,6.269993316479943e-6
200908_Smp_GBTFate2Tlong_C,Serine,42597680,33033404,162207509.42857137,41517811.82142863,Sample,0.20364904261443192,2.036490426144319,0.0040729808522886385
200908_Std_0uM_GBTFate1T0_A-2,Serine,16267925,6703649,162207509.42857137,41517811.82142863,StandardCurve,0.04132761191892891,0.41327611918928914,NA
200908_Std_0.5uM_GBTFate1T0_A-2,Serine,164914560,155350284,162207509.42857137,41517811.82142863,StandardCurve,0.9577255981999343,9.577255981999343,NA
200908_Std_1.0uM_GBTFate1T0_A-2,Serine,227674912,218110636,162207509.42857137,41517811.82142863,StandardCurve,1.3446395716719006,13.446395716719007,NA
200908_Std_2.5uM_GBTFate1T0_A-2,Serine,444300992,434736716,162207509.42857137,41517811.82142863,StandardCurve,2.6801269406792647,26.80126940679265,NA
191001_Std_AA_AA-IS,Glycine,259166448,211787436,261959406.85714278,83160504.14285722,Sample,0.808474253858333,8.084742538583331,NA
200908_Smp_GBTFate1T0_A,Glycine,36121628,-11257384,261959406.85714278,83160504.14285722,Sample,-0.042973772673638375,-0.4297377267363838,-8.594754534727675e-4
200908_Smp_GBTFate1T0_B,Glycine,217698064,170319052,261959406.85714278,83160504.14285722,Sample,0.6501734526100907,6.501734526100908,0.013003469052201814
200908_Smp_GBTFate1T0_C,Glycine,86664496,39285484,261959406.85714278,83160504.14285722,Sample,0.14996783078465278,1.499678307846528,0.002999356615693056
200908_Smp_GBTFate2T0_A,Glycine,65709936,18330924,261959406.85714278,83160504.14285722,Sample,0.0699762005874315,0.6997620058743149,0.0013995240117486297
200908_Smp_GBTFate2T0_B,Glycine,96711792,49332780,261959406.85714278,83160504.14285722,Sample,0.18832223126426298,1.8832223126426297,0.0037664446252852596
200908_Smp_GBTFate2T0_C,Glycine,166773664,119394652,261959406.85714278,83160504.14285722,Sample,0.4557753944874017,4.557753944874017,0.009115507889748034
200908_Smp_GBTFate1Tlong_A,Glycine,158480832,111101820,261959406.85714278,83160504.14285722,Sample,0.4241184591648903,4.241184591648903,0.008482369183297806
200908_Smp_GBTFate1Tlong_B,Glycine,230043408,182664396,261959406.85714278,83160504.14285722,Sample,0.6973003878406795,6.973003878406795,0.013946007756813589
200908_Smp_GBTFate1Tlong_C,Glycine,89883496,42504484,261959406.85714278,83160504.14285722,Sample,0.16225599420134373,1.6225599420134373,0.0032451198840268746
200908_Smp_GBTFate2Tlong_A,Glycine,121412952,74033940,261959406.85714278,83160504.14285722,Sample,0.28261607738474437,2.8261607738474437,0.005652321547694887
200908_Smp_GBTFate2Tlong_B,Glycine,35007792,-12371220,261959406.85714278,83160504.14285722,Sample,-0.04722571389370466,-0.47225713893704663,-9.445142778740932e-4
200908_Smp_GBTFate2Tlong_C,Glycine,139916352,92537340,261959406.85714278,83160504.14285722,Sample,0.35325068532646514,3.5325068532646515,0.007065013706529303
200908_Std_0uM_GBTFate1T0_A-2,Glycine,61626572,14247560,261959406.85714278,83160504.14285722,StandardCurve,0.05438842670677514,0.5438842670677514,NA
200908_Std_0.5uM_GBTFate1T0_A-2,Glycine,275123744,227744732,261959406.85714278,83160504.14285722,StandardCurve,0.8693894017106191,8.69389401710619,NA
200908_Std_1.0uM_GBTFate1T0_A-2,Glycine,489214464,441835452,261959406.85714278,83160504.14285722,StandardCurve,1.6866561781495826,16.866561781495825,NA
200908_Std_2.5uM_GBTFate1T0_A-2,Glycine,744030912,696651900,261959406.85714278,83160504.14285722,StandardCurve,2.659388751708057,26.59388751708057,NA
191001_Std_AA_AA-IS,Aspartic Acid,174094112,172090203,50212862.57142856,11497861.67857144,Sample,3.427213550217319,34.272135502173185,NA
200908_Smp_GBTFate1T0_A,Aspartic Acid,8668917,6665008,50212862.57142856,11497861.67857144,Sample,0.13273507341906518,1.3273507341906519,0.0026547014683813036
200908_Smp_GBTFate1T0_B,Aspartic Acid,25550608,23546699,50212862.57142856,11497861.67857144,Sample,0.46893759475481933,4.689375947548193,0.009378751895096385
200908_Smp_GBTFate1T0_C,Aspartic Acid,5582283,3578374,50212862.57142856,11497861.67857144,Sample,0.07126409084743393,0.7126409084743393,0.0014252818169486787
200908_Smp_GBTFate2T0_A,Aspartic Acid,6105618,4101709,50212862.57142856,11497861.67857144,Sample,0.08168642037018417,0.8168642037018417,0.0016337284074036834
200908_Smp_GBTFate2T0_B,Aspartic Acid,9884512,7880603,50212862.57142856,11497861.67857144,Sample,0.15694391031361182,1.5694391031361183,0.0031388782062722366
200908_Smp_GBTFate2T0_C,Aspartic Acid,10862118,8858209,50212862.57142856,11497861.67857144,Sample,0.17641314488691145,1.7641314488691147,0.003528262897738229
200908_Smp_GBTFate1Tlong_A,Aspartic Acid,23511380,21507471,50212862.57142856,11497861.67857144,Sample,0.4283259288276046,4.283259288276046,0.008566518576552091
200908_Smp_GBTFate1Tlong_B,Aspartic Acid,15928263,13924354,50212862.57142856,11497861.67857144,Sample,0.27730651643674753,2.773065164367475,0.0055461303287349505
200908_Smp_GBTFate1Tlong_C,Aspartic Acid,10129772,8125863,50212862.57142856,11497861.67857144,Sample,0.16182831616980284,1.6182831616980284,0.003236566323396057
200908_Smp_GBTFate2Tlong_A,Aspartic Acid,10450579,8446670,50212862.57142856,11497861.67857144,Sample,0.16821725684299482,1.6821725684299482,0.0033643451368598966
200908_Smp_GBTFate2Tlong_B,Aspartic Acid,11096133,9092224,50212862.57142856,11497861.67857144,Sample,0.18107360414009804,1.8107360414009803,0.0036214720828019607
200908_Smp_GBTFate2Tlong_C,Aspartic Acid,12614713,10610804,50212862.57142856,11497861.67857144,Sample,0.21131645272973573,2.113164527297357,0.004226329054594714
200908_Std_0uM_GBTFate1T0_A-2,Aspartic Acid,3742933,1739024,50212862.57142856,11497861.67857144,StandardCurve,0.034633038447593224,0.34633038447593223,NA
200908_Std_0.5uM_GBTFate1T0_A-2,Aspartic Acid,38971792,36967883,50212862.57142856,11497861.67857144,StandardCurve,0.7362233719978148,7.362233719978148,NA
200908_Std_1.0uM_GBTFate1T0_A-2,Aspartic Acid,79494576,77490667,50212862.57142856,11497861.67857144,StandardCurve,1.5432433649798067,15.432433649798067,NA
200908_Std_2.5uM_GBTFate1T0_A-2,Aspartic Acid,132649232,130645323,50212862.57142856,11497861.67857144,StandardCurve,2.6018298162976676,26.018298162976677,NA
191001_Std_AA_AA-IS,Glutamic Acid,160101088,157269311,51906774.85714285,12227246.14285715,Sample,3.029841700487741,30.298417004877408,NA
200908_Smp_GBTFate1T0_A,Glutamic Acid,13116318,10284541,51906774.85714285,12227246.14285715,Sample,0.19813484903088238,1.9813484903088239,0.003962696980617648
200908_Smp_GBTFate1T0_B,Glutamic Acid,35069120,32237343,51906774.85714285,12227246.14285715,Sample,0.6210623389475304,6.210623389475304,0.012421246778950608
200908_Smp_GBTFate1T0_C,Glutamic Acid,7347340,4515563,51906774.85714285,12227246.14285715,Sample,0.08699371156130724,0.8699371156130724,0.0017398742312261448
200908_Smp_GBTFate2T0_A,Glutamic Acid,8175466,5343689,51906774.85714285,12227246.14285715,Sample,0.10294781393578836,1.0294781393578836,0.002058956278715767
200908_Smp_GBTFate2T0_B,Glutamic Acid,15127091,12295314,51906774.85714285,12227246.14285715,Sample,0.23687301000378086,2.3687301000378085,0.004737460200075617
200908_Smp_GBTFate2T0_C,Glutamic Acid,14666320,11834543,51906774.85714285,12227246.14285715,Sample,0.2279961148148941,2.279961148148941,0.004559922296297881
200908_Smp_GBTFate1Tlong_A,Glutamic Acid,32413316,29581539,51906774.85714285,12227246.14285715,Sample,0.569897457151093,5.69897457151093,0.01139794914302186
200908_Smp_GBTFate1Tlong_B,Glutamic Acid,22735002,19903225,51906774.85714285,12227246.14285715,Sample,0.3834417579357877,3.8344175793578774,0.007668835158715755
200908_Smp_GBTFate1Tlong_C,Glutamic Acid,13681504,10849727,51906774.85714285,12227246.14285715,Sample,0.20902333134471324,2.0902333134471323,0.004180466626894265
200908_Smp_GBTFate2Tlong_A,Glutamic Acid,15802315,12970538,51906774.85714285,12227246.14285715,Sample,0.24988140826890798,2.49881408268908,0.0049976281653781604
200908_Smp_GBTFate2Tlong_B,Glutamic Acid,13831544,10999767,51906774.85714285,12227246.14285715,Sample,0.21191389814284195,2.1191389814284194,0.004238277962856839
200908_Smp_GBTFate2Tlong_C,Glutamic Acid,22505432,19673655,51906774.85714285,12227246.14285715,Sample,0.3790190211999412,3.7901902119994118,0.007580380423998823
200908_Std_0uM_GBTFate1T0_A-2,Glutamic Acid,4786696,1954919,51906774.85714285,12227246.14285715,StandardCurve,0.03766211646514935,0.37662116465149353,NA
200908_Std_0.5uM_GBTFate1T0_A-2,Glutamic Acid,47149984,44318207,51906774.85714285,12227246.14285715,StandardCurve,0.8538039036709946,8.538039036709947,NA
200908_Std_1.0uM_GBTFate1T0_A-2,Glutamic Acid,75902912,73071135,51906774.85714285,12227246.14285715,StandardCurve,1.4077379147732725,14.077379147732724,NA
200908_Std_2.5uM_GBTFate1T0_A-2,Glutamic Acid,140023600,137191823,51906774.85714285,12227246.14285715,StandardCurve,2.6430427122004314,26.430427122004314,NA
191001_Std_AA_AA-IS,Threonine,275476800,265996998,276851686.2857142,58018050.21428579,Sample,0.9607924068249596,9.607924068249595,NA
200908_Smp_GBTFate1T0_A,Threonine,16823302,7343500,276851686.2857142,58018050.21428579,Sample,0.02652503258521395,0.2652503258521395,5.30500651704279e-4
200908_Smp_GBTFate1T0_B,Threonine,91483128,82003326,276851686.2857142,58018050.21428579,Sample,0.29619948175201505,2.9619948175201505,0.005923989635040301
200908_Smp_GBTFate1T0_C,Threonine,24663934,15184132,276851686.2857142,58018050.21428579,Sample,0.05484572698007625,0.5484572698007625,0.001096914539601525
200908_Smp_GBTFate2T0_A,Threonine,40566076,31086274,276851686.2857142,58018050.21428579,Sample,0.11228493644759165,1.1228493644759165,0.002245698728951833
200908_Smp_GBTFate2T0_B,Threonine,37077896,27598094,276851686.2857142,58018050.21428579,Sample,0.09968548275887487,0.9968548275887488,0.0019937096551774975
200908_Smp_GBTFate2T0_C,Threonine,64874756,55394954,276851686.2857142,58018050.21428579,Sample,0.20008891671633797,2.0008891671633795,0.004001778334326759
200908_Smp_GBTFate1Tlong_A,Threonine,77012184,67532382,276851686.2857142,58018050.21428579,Sample,0.2439298199914368,2.439298199914368,0.004878596399828736
200908_Smp_GBTFate1Tlong_B,Threonine,83421008,73941206,276851686.2857142,58018050.21428579,Sample,0.2670787633335627,2.670787633335627,0.005341575266671254
200908_Smp_GBTFate1Tlong_C,Threonine,40741840,31262038,276851686.2857142,58018050.21428579,Sample,0.1129198034493357,1.129198034493357,0.002258396068986714
200908_Smp_GBTFate2Tlong_A,Threonine,47830924,38351122,276851686.2857142,58018050.21428579,Sample,0.1385258746823062,1.385258746823062,0.002770517493646124
200908_Smp_GBTFate2Tlong_B,Threonine,14931539,5451737,276851686.2857142,58018050.21428579,Sample,0.01969190461918929,0.1969190461918929,3.938380923837858e-4
200908_Smp_GBTFate2Tlong_C,Threonine,41470604,31990802,276851686.2857142,58018050.21428579,Sample,0.11555212983960342,1.1555212983960341,0.002311042596792068
200908_Std_0uM_GBTFate1T0_A-2,Threonine,17343978,7864176,276851686.2857142,58018050.21428579,StandardCurve,0.02840573631862974,0.28405736318629743,NA
200908_Std_0.5uM_GBTFate1T0_A-2,Threonine,229080096,219600294,276851686.2857142,58018050.21428579,StandardCurve,0.7932055496796574,7.932055496796574,NA
200908_Std_1.0uM_GBTFate1T0_A-2,Threonine,397064128,387584326,276851686.2857142,58018050.21428579,StandardCurve,1.3999709779625773,13.999709779625773,NA
200908_Std_2.5uM_GBTFate1T0_A-2,Threonine,733909952,724430150,276851686.2857142,58018050.21428579,StandardCurve,2.6166723407723063,26.16672340772306,NA
191001_Std_AA_AA-IS,Alanine,337701888,317687602,258882565.71428567,77492065.28571433,Sample,1.2271494649454848,12.271494649454848,NA
200908_Smp_GBTFate1T0_A,Alanine,43338708,23324422,258882565.71428567,77492065.28571433,Sample,0.09009653444852625,0.9009653444852626,0.0018019306889705251
200908_Smp_GBTFate1T0_B,Alanine,218144096,198129810,258882565.71428567,77492065.28571433,Sample,0.7653269715298823,7.653269715298823,0.015306539430597647
200908_Smp_GBTFate1T0_C,Alanine,48326408,28312122,258882565.71428567,77492065.28571433,Sample,0.1093627990045746,1.093627990045746,0.002187255980091492
200908_Smp_GBTFate2T0_A,Alanine,81628576,61614290,258882565.71428567,77492065.28571433,Sample,0.23800092458910607,2.3800092458910607,0.0047600184917821215
200908_Smp_GBTFate2T0_B,Alanine,67925800,47911514,258882565.71428567,77492065.28571433,Sample,0.18507045411809336,1.8507045411809337,0.0037014090823618674
200908_Smp_GBTFate2T0_C,Alanine,125394104,105379818,258882565.71428567,77492065.28571433,Sample,0.4070564493566626,4.070564493566626,0.008141128987133251
200908_Smp_GBTFate1Tlong_A,Alanine,167677504,147663218,258882565.71428567,77492065.28571433,Sample,0.5703868763529163,5.703868763529163,0.011407737527058325
200908_Smp_GBTFate1Tlong_B,Alanine,177386352,157372066,258882565.71428567,77492065.28571433,Sample,0.6078897803171606,6.078897803171605,0.012157795606343209
200908_Smp_GBTFate1Tlong_C,Alanine,77712032,57697746,258882565.71428567,77492065.28571433,Sample,0.2228722735376387,2.2287227353763868,0.0044574454707527736
200908_Smp_GBTFate2Tlong_A,Alanine,97067904,77053618,258882565.71428567,77492065.28571433,Sample,0.29763927048312633,2.9763927048312633,0.0059527854096625265
200908_Smp_GBTFate2Tlong_B,Alanine,48780076,28765790,258882565.71428567,77492065.28571433,Sample,0.11111520747112498,1.1111520747112498,0.0022223041494224996
200908_Smp_GBTFate2Tlong_C,Alanine,94143544,74129258,258882565.71428567,77492065.28571433,Sample,0.28634318342553955,2.8634318342553957,0.005726863668510791
200908_Std_0uM_GBTFate1T0_A-2,Alanine,37036100,17021814,258882565.71428567,77492065.28571433,StandardCurve,0.0657511020606387,0.657511020606387,NA
200908_Std_0.5uM_GBTFate1T0_A-2,Alanine,245314832,225300546,258882565.71428567,77492065.28571433,StandardCurve,0.870280875725914,8.70280875725914,NA
200908_Std_1.0uM_GBTFate1T0_A-2,Alanine,432683072,412668786,258882565.71428567,77492065.28571433,StandardCurve,1.5940385358179725,15.940385358179725,NA
200908_Std_2.5uM_GBTFate1T0_A-2,Alanine,710521664,690507378,258882565.71428567,77492065.28571433,StandardCurve,2.667261026615731,26.672610266157307,NA
191001_Std_AA_AA-IS,Proline,302833184,294038889,269433773.1428571,54222952.357142925,Sample,1.091321572533882,10.913215725338821,NA
200908_Smp_GBTFate1T0_A,Proline,17197858,8403563,269433773.1428571,54222952.357142925,Sample,0.031189716500552914,0.31189716500552916,6.237943300110583e-4
200908_Smp_GBTFate1T0_B,Proline,86155768,77361473,269433773.1428571,54222952.357142925,Sample,0.28712611673586297,2.8712611673586297,0.005742522334717259
200908_Smp_GBTFate1T0_C,Proline,21846050,13051755,269433773.1428571,54222952.357142925,Sample,0.048441421607081904,0.484414216070819,9.688284321416381e-4
200908_Smp_GBTFate2T0_A,Proline,34675916,25881621,269433773.1428571,54222952.357142925,Sample,0.09605930503106323,0.9605930503106324,0.0019211861006212649
200908_Smp_GBTFate2T0_B,Proline,27206860,18412565,269433773.1428571,54222952.357142925,Sample,0.0683379992983932,0.6833799929839319,0.001366759985967864
200908_Smp_GBTFate2T0_C,Proline,51358504,42564209,269433773.1428571,54222952.357142925,Sample,0.15797651683937908,1.5797651683937908,0.0031595303367875816
200908_Smp_GBTFate1Tlong_A,Proline,69004280,60209985,269433773.1428571,54222952.357142925,Sample,0.22346858857993251,2.2346858857993253,0.00446937177159865
200908_Smp_GBTFate1Tlong_B,Proline,81945408,73151113,269433773.1428571,54222952.357142925,Sample,0.27149941949264983,2.7149941949264984,0.005429988389852996
200908_Smp_GBTFate1Tlong_C,Proline,34313928,25519633,269433773.1428571,54222952.357142925,Sample,0.09471579120286891,0.947157912028689,0.001894315824057378
200908_Smp_GBTFate2Tlong_A,Proline,42022212,33227917,269433773.1428571,54222952.357142925,Sample,0.12332498859518311,1.233249885951831,0.002466499771903662
200908_Smp_GBTFate2Tlong_B,Proline,20852790,12058495,269433773.1428571,54222952.357142925,Sample,0.04475494983179573,0.4475494983179573,8.950989966359146e-4
200908_Smp_GBTFate2Tlong_C,Proline,43924108,35129813,269433773.1428571,54222952.357142925,Sample,0.13038385125302665,1.3038385125302665,0.0026076770250605327
200908_Std_0uM_GBTFate1T0_A-2,Proline,16401970,7607675,269433773.1428571,54222952.357142925,StandardCurve,0.02823578837670925,0.2823578837670925,NA
200908_Std_0.5uM_GBTFate1T0_A-2,Proline,206351584,197557289,269433773.1428571,54222952.357142925,StandardCurve,0.7332313491941217,7.332313491941217,NA
200908_Std_1.0uM_GBTFate1T0_A-2,Proline,398653216,389858921,269433773.1428571,54222952.357142925,StandardCurve,1.4469563947103692,14.469563947103692,NA
200908_Std_2.5uM_GBTFate1T0_A-2,Proline,708397312,699603017,269433773.1428571,54222952.357142925,StandardCurve,2.596567641982514,25.96567641982514,NA
191001_Std_AA_AA-IS,Lysine,628445568,616095060,378379127.4285712,89669776.07142878,Sample,1.6282480066670797,16.282480066670797,NA
200908_Smp_GBTFate1T0_A,Lysine,29351076,17000568,378379127.4285712,89669776.07142878,Sample,0.04492998362656591,0.4492998362656591,8.985996725313183e-4
200908_Smp_GBTFate1T0_B,Lysine,135343568,122993060,378379127.4285712,89669776.07142878,Sample,0.3250524436584259,3.250524436584259,0.006501048873168518
200908_Smp_GBTFate1T0_C,Lysine,28940194,16589686,378379127.4285712,89669776.07142878,Sample,0.04384408334767813,0.4384408334767813,8.768816669535626e-4
200908_Smp_GBTFate2T0_A,Lysine,60751764,48401256,378379127.4285712,89669776.07142878,Sample,0.12791735191349046,1.2791735191349045,0.002558347038269809
200908_Smp_GBTFate2T0_B,Lysine,47845832,35495324,378379127.4285712,89669776.07142878,Sample,0.093808884864297,0.93808884864297,0.00187617769728594
200908_Smp_GBTFate2T0_C,Lysine,84640520,72290012,378379127.4285712,89669776.07142878,Sample,0.19105179635905417,1.9105179635905416,0.003821035927181083
200908_Smp_GBTFate1Tlong_A,Lysine,106752976,94402468,378379127.4285712,89669776.07142878,Sample,0.24949174295514198,2.49491742955142,0.0049898348591028395
200908_Smp_GBTFate1Tlong_B,Lysine,110439536,98089028,378379127.4285712,89669776.07142878,Sample,0.25923477509608883,2.5923477509608883,0.005184695501921776
200908_Smp_GBTFate1Tlong_C,Lysine,53914056,41563548,378379127.4285712,89669776.07142878,Sample,0.109846302258959,1.09846302258959,0.00219692604517918
200908_Smp_GBTFate2Tlong_A,Lysine,70385640,58035132,378379127.4285712,89669776.07142878,Sample,0.15337825951024642,1.5337825951024642,0.0030675651902049286
200908_Smp_GBTFate2Tlong_B,Lysine,34150184,21799676,378379127.4285712,89669776.07142878,Sample,0.057613315375371094,0.5761331537537109,0.0011522663075074218
200908_Smp_GBTFate2Tlong_C,Lysine,69048376,56697868,378379127.4285712,89669776.07142878,Sample,0.14984406879236006,1.4984406879236007,0.0029968813758472013
200908_Std_0uM_GBTFate1T0_A-2,Lysine,27397486,15046978,378379127.4285712,89669776.07142878,StandardCurve,0.03976693456179214,0.3976693456179214,NA
200908_Std_0.5uM_GBTFate1T0_A-2,Lysine,322887968,310537460,378379127.4285712,89669776.07142878,StandardCurve,0.8207045195922492,8.207045195922491,NA
200908_Std_1.0uM_GBTFate1T0_A-2,Lysine,562533248,550182740,378379127.4285712,89669776.07142878,StandardCurve,1.454051505797875,14.540515057978748,NA
200908_Std_2.5uM_GBTFate1T0_A-2,Lysine,1008778944,996428436,378379127.4285712,89669776.07142878,StandardCurve,2.6334127962386122,26.334127962386123,NA
191001_Std_AA_AA-IS,Tyrosine,244423360,243569041,348393488.85714275,50305227.39285725,Sample,0.6991205312102559,6.991205312102559,NA
200908_Smp_GBTFate1T0_A,Tyrosine,2773778,1919459,348393488.85714275,50305227.39285725,Sample,0.005509457155173947,0.05509457155173947,1.1018914310347893e-4
200908_Smp_GBTFate1T0_B,Tyrosine,50809328,49955009,348393488.85714275,50305227.39285725,Sample,0.14338674687598377,1.4338674687598376,0.002867734937519675
200908_Smp_GBTFate1T0_C,Tyrosine,8115501,7261182,348393488.85714275,50305227.39285725,Sample,0.020841899266887322,0.2084189926688732,4.168379853377464e-4
200908_Smp_GBTFate2T0_A,Tyrosine,4679695,3825376,348393488.85714275,50305227.39285725,Sample,0.010980044467962429,0.10980044467962428,2.1960088935924857e-4
200908_Smp_GBTFate2T0_B,Tyrosine,2745814,1891495,348393488.85714275,50305227.39285725,Sample,0.005429191590821031,0.05429191590821031,1.0858383181642062e-4
200908_Smp_GBTFate2T0_C,Tyrosine,15123438,14269119,348393488.85714275,50305227.39285725,Sample,0.04095690492611643,0.4095690492611643,8.191380985223285e-4
200908_Smp_GBTFate1Tlong_A,Tyrosine,31605908,30751589,348393488.85714275,50305227.39285725,Sample,0.08826683041889327,0.8826683041889327,0.0017653366083778654
200908_Smp_GBTFate1Tlong_B,Tyrosine,55989748,55135429,348393488.85714275,50305227.39285725,Sample,0.1582561981306374,1.582561981306374,0.0031651239626127483
200908_Smp_GBTFate1Tlong_C,Tyrosine,10357622,9503303,348393488.85714275,50305227.39285725,Sample,0.027277498873972322,0.2727749887397232,5.455499774794464e-4
200908_Smp_GBTFate2Tlong_A,Tyrosine,967219,112900,348393488.85714275,50305227.39285725,Sample,3.2405886909756275e-4,0.0032405886909756274,6.481177381951255e-6
200908_Smp_GBTFate2Tlong_B,Tyrosine,118625,-735694,348393488.85714275,50305227.39285725,Sample,-0.0021116755149854943,-0.021116755149854942,-4.2233510299709885e-5
200908_Smp_GBTFate2Tlong_C,Tyrosine,1050926,196607,348393488.85714275,50305227.39285725,Sample,5.643245533805537e-4,0.005643245533805537,1.1286491067611074e-5
200908_Std_0uM_GBTFate1T0_A-2,Tyrosine,5061245,4206926,348393488.85714275,50305227.39285725,StandardCurve,0.012075214188991436,0.12075214188991436,NA
200908_Std_0.5uM_GBTFate1T0_A-2,Tyrosine,242759952,241905633,348393488.85714275,50305227.39285725,StandardCurve,0.6943460217742254,6.943460217742254,NA
200908_Std_1.0uM_GBTFate1T0_A-2,Tyrosine,453178656,452324337,348393488.85714275,50305227.39285725,StandardCurve,1.2983145537070402,12.983145537070403,NA
200908_Std_2.5uM_GBTFate1T0_A-2,Tyrosine,897212288,896357969,348393488.85714275,50305227.39285725,StandardCurve,2.5728321500507367,25.728321500507366,NA
191001_Std_AA_AA-IS,Methionine,331958592,331958592,367950377.1428571,42605862.857142925,Sample,0.9021830459250127,9.021830459250127,NA
200908_Smp_GBTFate1T0_A,Methionine,0,0,367950377.1428571,42605862.857142925,Sample,0,0,0
200908_Smp_GBTFate1T0_B,Methionine,15238,15238,367950377.1428571,42605862.857142925,Sample,4.1413193046093364e-5,4.1413193046093365e-4,8.282638609218673e-7
200908_Smp_GBTFate1T0_C,Methionine,12251,12251,367950377.1428571,42605862.857142925,Sample,3.329525055832063e-5,3.3295250558320634e-4,6.659050111664127e-7
200908_Smp_GBTFate2T0_A,Methionine,0,0,367950377.1428571,42605862.857142925,Sample,0,0,0
200908_Smp_GBTFate2T0_B,Methionine,0,0,367950377.1428571,42605862.857142925,Sample,0,0,0
200908_Smp_GBTFate2T0_C,Methionine,2754344,2754344,367950377.1428571,42605862.857142925,Sample,0.007485639833793739,0.07485639833793739,1.4971279667587477e-4
200908_Smp_GBTFate1Tlong_A,Methionine,12071,12071,367950377.1428571,42605862.857142925,Sample,3.280605415798616e-5,3.280605415798616e-4,6.561210831597232e-7
200908_Smp_GBTFate1Tlong_B,Methionine,322334,322334,367950377.1428571,42605862.857142925,Sample,8.760257361411904e-4,0.008760257361411904,1.752051472282381e-5
200908_Smp_GBTFate1Tlong_C,Methionine,0,0,367950377.1428571,42605862.857142925,Sample,0,0,0
200908_Smp_GBTFate2Tlong_A,Methionine,0,0,367950377.1428571,42605862.857142925,Sample,0,0,0
200908_Smp_GBTFate2Tlong_B,Methionine,0,0,367950377.1428571,42605862.857142925,Sample,0,0,0
200908_Smp_GBTFate2Tlong_C,Methionine,0,0,367950377.1428571,42605862.857142925,Sample,0,0,0
200908_Std_0uM_GBTFate1T0_A-2,Methionine,0,0,367950377.1428571,42605862.857142925,StandardCurve,0,0,NA
200908_Std_0.5uM_GBTFate1T0_A-2,Methionine,242897760,242897760,367950377.1428571,42605862.857142925,StandardCurve,0.660137276896158,6.60137276896158,NA
200908_Std_1.0uM_GBTFate1T0_A-2,Methionine,459810400,459810400,367950377.1428571,42605862.857142925,StandardCurve,1.249653291757541,12.49653291757541,NA
200908_Std_2.5uM_GBTFate1T0_A-2,Methionine,939516800,939516800,367950377.1428571,42605862.857142925,StandardCurve,2.55337909229872,25.533790922987198,NA
191001_Std_AA_AA-IS,Valine,433740448,416935854,383934089.7142857,90754623.78571433,Sample,1.0859568482451596,10.859568482451596,NA
200908_Smp_GBTFate1T0_A,Valine,39602060,22797466,383934089.7142857,90754623.78571433,Sample,0.059378592864638084,0.5937859286463808,0.0011875718572927616
200908_Smp_GBTFate1T0_B,Valine,174055712,157251118,383934089.7142857,90754623.78571433,Sample,0.4095784203924752,4.095784203924752,0.008191568407849504
200908_Smp_GBTFate1T0_C,Valine,41774824,24970230,383934089.7142857,90754623.78571433,Sample,0.06503780380268455,0.6503780380268455,0.0013007560760536908
200908_Smp_GBTFate2T0_A,Valine,70252568,53447974,383934089.7142857,90754623.78571433,Sample,0.13921132671437086,1.3921132671437086,0.002784226534287417
200908_Smp_GBTFate2T0_B,Valine,54019456,37214862,383934089.7142857,90754623.78571433,Sample,0.09693034038132531,0.9693034038132531,0.001938606807626506
200908_Smp_GBTFate2T0_C,Valine,107425080,90620486,383934089.7142857,90754623.78571433,Sample,0.23603136170439448,2.360313617043945,0.0047206272340878895
200908_Smp_GBTFate1Tlong_A,Valine,127375232,110570638,383934089.7142857,90754623.78571433,Sample,0.2879938014420234,2.879938014420234,0.005759876028840468
200908_Smp_GBTFate1Tlong_B,Valine,161714368,144909774,383934089.7142857,90754623.78571433,Sample,0.3774339864111528,3.7743398641115276,0.007548679728223056
200908_Smp_GBTFate1Tlong_C,Valine,66951560,50146966,383934089.7142857,90754623.78571433,Sample,0.1306134759674978,1.3061347596749782,0.0026122695193499562
200908_Smp_GBTFate2Tlong_A,Valine,80098680,63294086,383934089.7142857,90754623.78571433,Sample,0.1648566451786084,1.648566451786084,0.003297132903572168
200908_Smp_GBTFate2Tlong_B,Valine,41432184,24627590,383934089.7142857,90754623.78571433,Sample,0.06414535895556252,0.6414535895556251,0.0012829071791112502
200908_Smp_GBTFate2Tlong_C,Valine,81099056,64294462,383934089.7142857,90754623.78571433,Sample,0.1674622382395019,1.674622382395019,0.003349244764790038
200908_Std_0uM_GBTFate1T0_A-2,Valine,30407310,13602716,383934089.7142857,90754623.78571433,StandardCurve,0.03542982080628164,0.3542982080628164,NA
200908_Std_0.5uM_GBTFate1T0_A-2,Valine,321936608,305132014,383934089.7142857,90754623.78571433,StandardCurve,0.7947510319468422,7.947510319468422,NA
200908_Std_1.0uM_GBTFate1T0_A-2,Valine,590199360,573394766,383934089.7142857,90754623.78571433,StandardCurve,1.4934718780161103,14.934718780161102,NA
200908_Std_2.5uM_GBTFate1T0_A-2,Valine,1023429952,1006625358,383934089.7142857,90754623.78571433,StandardCurve,2.6218702245198022,26.218702245198024,NA
191001_Std_AA_AA-IS,Isoleucine,453634528,439933281,432954465.71428555,93325709.78571445,Sample,1.016119051397705,10.16119051397705,NA
200908_Smp_GBTFate1T0_A,Isoleucine,27729102,14027855,432954465.71428555,93325709.78571445,Sample,0.032400300980512886,0.32400300980512886,6.480060196102577e-4
200908_Smp_GBTFate1T0_B,Isoleucine,137324400,123623153,432954465.71428555,93325709.78571445,Sample,0.2855338442947974,2.855338442947974,0.005710676885895948
200908_Smp_GBTFate1T0_C,Isoleucine,34410900,20709653,432954465.71428555,93325709.78571445,Sample,0.047833328074889686,0.47833328074889686,9.566665614977938e-4
200908_Smp_GBTFate2T0_A,Isoleucine,56348764,42647517,432954465.71428555,93325709.78571445,Sample,0.09850346948065403,0.9850346948065403,0.0019700693896130806
200908_Smp_GBTFate2T0_B,Isoleucine,44194628,30493381,432954465.71428555,93325709.78571445,Sample,0.07043091921847304,0.7043091921847304,0.0014086183843694607
200908_Smp_GBTFate2T0_C,Isoleucine,92494984,78793737,432954465.71428555,93325709.78571445,Sample,0.181990817140566,1.81990817140566,0.00363981634281132
200908_Smp_GBTFate1Tlong_A,Isoleucine,98083360,84382113,432954465.71428555,93325709.78571445,Sample,0.1948983546359475,1.9489835463594751,0.00389796709271895
200908_Smp_GBTFate1Tlong_B,Isoleucine,134300112,120598865,432954465.71428555,93325709.78571445,Sample,0.27854861088229393,2.7854861088229392,0.005570972217645879
200908_Smp_GBTFate1Tlong_C,Isoleucine,51211212,37509965,432954465.71428555,93325709.78571445,Sample,0.08663720545789104,0.8663720545789104,0.0017327441091578208
200908_Smp_GBTFate2Tlong_A,Isoleucine,66567040,52865793,432954465.71428555,93325709.78571445,Sample,0.12210474122903975,1.2210474122903974,0.0024420948245807944
200908_Smp_GBTFate2Tlong_B,Isoleucine,32362028,18660781,432954465.71428555,93325709.78571445,Sample,0.04310102442115607,0.4310102442115607,8.620204884231213e-4
200908_Smp_GBTFate2Tlong_C,Isoleucine,66260492,52559245,432954465.71428555,93325709.78571445,Sample,0.12139670372330746,1.2139670372330746,0.002427934074466149
200908_Std_0uM_GBTFate1T0_A-2,Isoleucine,26515994,12814747,432954465.71428555,93325709.78571445,StandardCurve,0.029598371225616787,0.2959837122561679,NA
200908_Std_0.5uM_GBTFate1T0_A-2,Isoleucine,336646560,322945313,432954465.71428555,93325709.78571445,StandardCurve,0.745910571605277,7.45910571605277,NA
200908_Std_1.0uM_GBTFate1T0_A-2,Isoleucine,656643200,642941953,432954465.71428555,93325709.78571445,StandardCurve,1.4850105586491142,14.850105586491143,NA
200908_Std_2.5uM_GBTFate1T0_A-2,Isoleucine,1140119936,1126418689,432954465.71428555,93325709.78571445,StandardCurve,2.6017024380188376,26.017024380188374,NA
191001_Std_AA_AA-IS,Leucine,465040544,439944440,447499364.5714286,108097063.4285714,Sample,0.983117463018827,9.83117463018827,NA
200908_Smp_GBTFate1T0_A,Leucine,49266916,24170812,447499364.5714286,108097063.4285714,Sample,0.05401306440546224,0.5401306440546224,0.001080261288109245
200908_Smp_GBTFate1T0_B,Leucine,264308288,239212184,447499364.5714286,108097063.4285714,Sample,0.534553125520288,5.34553125520288,0.01069106251040576
200908_Smp_GBTFate1T0_C,Leucine,61622016,36525912,447499364.5714286,108097063.4285714,Sample,0.08162226562037908,0.8162226562037909,0.0016324453124075815
200908_Smp_GBTFate2T0_A,Leucine,93387160,68291056,447499364.5714286,108097063.4285714,Sample,0.15260592842495438,1.5260592842495437,0.003052118568499087
200908_Smp_GBTFate2T0_B,Leucine,81306424,56210320,447499364.5714286,108097063.4285714,Sample,0.1256098319912315,1.256098319912315,0.0025121966398246303
200908_Smp_GBTFate2T0_C,Leucine,153924816,128828712,447499364.5714286,108097063.4285714,Sample,0.2878857987281828,2.8788579872818283,0.005757715974563657
200908_Smp_GBTFate1Tlong_A,Leucine,176272720,151176616,447499364.5714286,108097063.4285714,Sample,0.33782531991924114,3.3782531991924114,0.006756506398384822
200908_Smp_GBTFate1Tlong_B,Leucine,237703904,212607800,447499364.5714286,108097063.4285714,Sample,0.4751019036722322,4.751019036722322,0.009502038073444645
200908_Smp_GBTFate1Tlong_C,Leucine,92894640,67798536,447499364.5714286,108097063.4285714,Sample,0.1515053235101928,1.5150532351019281,0.0030301064702038566
200908_Smp_GBTFate2Tlong_A,Leucine,115574096,90477992,447499364.5714286,108097063.4285714,Sample,0.20218574407731513,2.021857440773151,0.0040437148815463024
200908_Smp_GBTFate2Tlong_B,Leucine,56380584,31284480,447499364.5714286,108097063.4285714,Sample,0.06990955178218239,0.6990955178218239,0.0013981910356436478
200908_Smp_GBTFate2Tlong_C,Leucine,115807312,90711208,447499364.5714286,108097063.4285714,Sample,0.20270689788995427,2.0270689788995426,0.004054137957799085
200908_Std_0uM_GBTFate1T0_A-2,Leucine,46238768,21142664,447499364.5714286,108097063.4285714,StandardCurve,0.047246243623716405,0.47246243623716405,NA
200908_Std_0.5uM_GBTFate1T0_A-2,Leucine,383541344,358445240,447499364.5714286,108097063.4285714,StandardCurve,0.8009960870967583,8.009960870967582,NA
200908_Std_1.0uM_GBTFate1T0_A-2,Leucine,690151872,665055768,447499364.5714286,108097063.4285714,StandardCurve,1.4861602510585143,14.861602510585143,NA
200908_Std_2.5uM_GBTFate1T0_A-2,Leucine,1202838144,1177742040,447499364.5714286,108097063.4285714,StandardCurve,2.6318295247813968,26.318295247813968,NA
191001_Std_AA_AA-IS,Phenylalaine,401438784,386220060,547726574.2857141,103071697.21428585,Sample,0.7051329589105048,7.051329589105047,NA
200908_Smp_GBTFate1T0_A,Phenylalaine,27035250,11816526,547726574.2857141,103071697.21428585,Sample,0.021573767925008636,0.21573767925008636,4.314753585001727e-4
200908_Smp_GBTFate1T0_B,Phenylalaine,161724144,146505420,547726574.2857141,103071697.21428585,Sample,0.26747911618320974,2.6747911618320974,0.005349582323664195
200908_Smp_GBTFate1T0_C,Phenylalaine,44665588,29446864,547726574.2857141,103071697.21428585,Sample,0.05376197793287905,0.5376197793287905,0.0010752395586575809
200908_Smp_GBTFate2T0_A,Phenylalaine,57701220,42482496,547726574.2857141,103071697.21428585,Sample,0.07756150238903614,0.7756150238903614,0.0015512300477807228
200908_Smp_GBTFate2T0_B,Phenylalaine,45286524,30067800,547726574.2857141,103071697.21428585,Sample,0.05489563846561796,0.5489563846561796,0.0010979127693123592
200908_Smp_GBTFate2T0_C,Phenylalaine,95105192,79886468,547726574.2857141,103071697.21428585,Sample,0.14585099892985712,1.4585099892985711,0.0029170199785971424
200908_Smp_GBTFate1Tlong_A,Phenylalaine,104404072,89185348,547726574.2857141,103071697.21428585,Sample,0.16282822887734796,1.6282822887734796,0.003256564577546959
200908_Smp_GBTFate1Tlong_B,Phenylalaine,162358928,147140204,547726574.2857141,103071697.21428585,Sample,0.2686380594037899,2.6863805940378986,0.0053727611880757965
200908_Smp_GBTFate1Tlong_C,Phenylalaine,53560312,38341588,547726574.2857141,103071697.21428585,Sample,0.0700013287651799,0.7000132876517989,0.001400026575303598
200908_Smp_GBTFate2Tlong_A,Phenylalaine,65907776,50689052,547726574.2857141,103071697.21428585,Sample,0.09254444531215815,0.9254444531215815,0.0018508889062431632
200908_Smp_GBTFate2Tlong_B,Phenylalaine,30218884,15000160,547726574.2857141,103071697.21428585,Sample,0.027386219154258835,0.27386219154258834,5.477243830851767e-4
200908_Smp_GBTFate2Tlong_C,Phenylalaine,69539304,54320580,547726574.2857141,103071697.21428585,Sample,0.09917462936838337,0.9917462936838337,0.0019834925873676674
200908_Std_0uM_GBTFate1T0_A-2,Phenylalaine,30010862,14792138,547726574.2857141,103071697.21428585,StandardCurve,0.027006427466643022,0.27006427466643024,NA
200908_Std_0.5uM_GBTFate1T0_A-2,Phenylalaine,430109728,414891004,547726574.2857141,103071697.21428585,StandardCurve,0.7574783176095774,7.5747831760957745,NA
200908_Std_1.0uM_GBTFate1T0_A-2,Phenylalaine,762541568,747322844,547726574.2857141,103071697.21428585,StandardCurve,1.3644085919595517,13.644085919595517,NA
200908_Std_2.5uM_GBTFate1T0_A-2,Phenylalaine,1441405824,1426187100,547726574.2857141,103071697.21428585,StandardCurve,2.6038303908476217,26.038303908476216,NA
200908_Blk_GBTFateBlk_A,NA,NA,NA,NA,NA,NA,NA,NA,NA
200908_Blk_GBTFateBlk_B,NA,NA,NA,NA,NA,NA,NA,NA,NA
200908_Std_0uM_GBTFate1T0_A-1,NA,NA,NA,NA,NA,NA,NA,NA,NA
200908_Std_0.5uM_GBTFate1T0_A-1,NA,NA,NA,NA,NA,NA,NA,NA,NA
200908_Std_1.0uM_GBTFate1T0_A-1,NA,NA,NA,NA,NA,NA,NA,NA,NA
200908_Std_2.5uM_GBTFate1T0_A-1,NA,NA,NA,NA,NA,NA,NA,NA,NA
